name,year,director,writers,actors,types,regions,languages,dates,length,rating,rating_people,stars
肖申克的救赎 The Shawshank Redemption,(1994),弗兰克·德拉邦特,弗兰克·德拉邦特/斯蒂芬·金,蒂姆·罗宾斯/摩根·弗里曼/鲍勃·冈顿/威廉姆·赛德勒/克兰西·布朗/吉尔·贝罗斯/马克·罗斯顿/詹姆斯·惠特摩/杰弗里·德曼/拉里·布兰登伯格/尼尔·吉恩托利/布赖恩·利比/大卫·普罗瓦尔/约瑟夫·劳格诺/祖德·塞克利拉/保罗·麦克兰尼/芮妮·布莱恩/阿方索·弗里曼/V·J·福斯特/弗兰克·梅德拉诺/马克·迈尔斯/尼尔·萨默斯/耐德·巴拉米/布赖恩·戴拉特/唐·麦克马纳斯,剧情/犯罪,美国, 英语,1994-09-10(多伦多电影节)/1994-10-14(美国),142分钟,9.7,3026165,85.9%/12.7%/1.2%/0.1%/0.1%
霸王别姬,(1993),陈凯歌,芦苇/李碧华,张国荣/张丰毅/巩俐/葛优/英达/蒋雯丽/吴大维/吕齐/雷汉/尹治/马明威/费振翔/智一桐/李春/赵海龙/李丹/童弟/沈慧芬/黄斐/徐杰,剧情/爱情/同性,中国大陆/中国香港, 汉语普通话,1993-07-26(中国大陆)/1993-01-01(中国香港),171分钟,9.6,2237092,82.5%/15.2%/1.9%/0.2%/0.2%
阿甘正传 Forrest Gump,(1994),罗伯特·泽米吉斯,埃里克·罗思/温斯顿·格鲁姆,汤姆·汉克斯/罗宾·怀特/加里·西尼斯/麦凯尔泰·威廉逊/莎莉·菲尔德/海利·乔·奥斯蒙/迈克尔·康纳·亨弗里斯/哈罗德·G·赫瑟姆/山姆·安德森/伊俄涅·M·特雷奇/彼得·道博森/希芳·法隆/伊丽莎白·汉克斯/汉娜·豪尔/克里斯托弗·琼斯/罗布·兰德里/杰森·麦克奎尔/桑尼·施罗耶/艾德·戴维斯/丹尼尔C.斯瑞派克/大卫·布里斯宾/德博拉·麦克蒂尔/艾尔·哈林顿/阿非莫·奥米拉/约翰·沃德斯塔德/迈克尔·伯吉斯/埃里克·安德伍德/拜伦·明斯/斯蒂芬·布吉格沃特/约翰·威廉·高尔特/希拉里·沙普兰/伊莎贝尔·罗斯/理查德·达历山德罗/迪克·史迪威/迈克尔-杰斯/杰弗里·布莱克/瓦妮莎·罗斯/迪克·卡维特/马拉·苏查雷特扎/乔·阿拉斯奇/W·本森·泰瑞,剧情/爱情,美国, 英语,1994-06-23(洛杉矶首映)/1994-07-06(美国),142分钟,9.5,2254809,77.1%/19.8%/2.7%/0.2%/0.1%
泰坦尼克号 Titanic,(1997),詹姆斯·卡梅隆,詹姆斯·卡梅隆,莱昂纳多·迪卡普里奥/凯特·温斯莱特/比利·赞恩/凯西·贝茨/弗兰西丝·费舍/格劳瑞亚·斯图尔特/比尔·帕克斯顿/伯纳德·希尔/大卫·沃纳/维克多·加博/乔纳森·海德/苏茜·爱米斯/刘易斯·阿伯内西/尼古拉斯·卡斯柯恩/阿那托利·萨加洛维奇/丹尼·努齐/杰森·贝瑞/伊万·斯图尔特/艾恩·格拉法德/乔纳森·菲利普斯/马克·林赛·查普曼/理查德·格拉翰/保罗·布赖特威尔/艾瑞克·布里登/夏洛特·查顿/博纳德·福克斯/迈克尔·英塞恩/法妮·布雷特/马丁·贾维斯/罗莎琳·艾尔斯/罗切尔·罗斯/乔纳森·伊万斯-琼斯/西蒙·克雷恩/爱德华德·弗莱彻/斯科特·安德森/马丁·伊斯特/克雷格·凯利/格雷戈里·库克/利亚姆·图伊/詹姆斯·兰开斯特/艾尔莎·瑞雯/卢·帕尔特/泰瑞·佛瑞斯塔/凯文·德·拉·诺伊,剧情/爱情/灾难,美国/墨西哥, 英语 / 意大利语 / 德语 / 俄语,1998-04-03(中国大陆)/2023-04-03(中国大陆重映)/1997-11-01(东京电影节)/1997-12-19(美国),194分钟,9.5,2293989,76.8%/20.0%/2.9%/0.2%/0.1%
千与千寻 千と千尋の神隠し,(2001),宫崎骏,宫崎骏,柊瑠美/入野自由/夏木真理/菅原文太/中村彰男/玉井夕海/神木隆之介/内藤刚志/泽口靖子/我修院达也/大泉洋/小林郁夫/上条恒彦/小野武彦,剧情/动画/奇幻,日本, 日语,2019-06-21(中国大陆)/2001-07-20(日本),125分钟,9.4,2342912,73.6%/22.8%/3.3%/0.2%/0.1%
这个杀手不太冷 Léon,(1994),吕克·贝松,吕克·贝松,让·雷诺/娜塔莉·波特曼/加里·奥德曼/丹尼·爱罗/彼得·阿佩尔/迈克尔·巴达鲁科/艾伦·格里尼/伊丽莎白·瑞根/卡尔·马图斯维奇/弗兰克·赛格/麦温/乔治·马丁/罗伯特·拉萨多/亚当·布斯奇/马里奥·托迪斯科/萨米·纳塞利,剧情/动作/犯罪,法国/美国, 英语 / 意大利语 / 法语,2024(中国大陆)/1994-09-14(法国),110分钟(剧场版),9.4,2382176,73.4%/22.8%/3.4%/0.3%/0.2%
美丽人生 La vita è bella,(1997),罗伯托·贝尼尼,温琴佐·切拉米/罗伯托·贝尼尼,罗伯托·贝尼尼/尼可莱塔·布拉斯基/乔治·坎塔里尼/朱斯蒂诺·杜拉诺/赛尔乔·比尼·布斯特里克/玛丽萨·帕雷德斯/霍斯特·布赫霍尔茨/利迪娅·阿方西/朱利亚娜·洛约迪切/亚美利哥·丰塔尼/彼得·德·席尔瓦/弗朗西斯·古佐/拉法埃拉·莱博罗尼/克劳迪奥·阿方西/吉尔·巴罗尼/马西莫·比安奇/恩尼奥·孔萨尔维/吉安卡尔洛·科森蒂诺/阿伦·克雷格/汉尼斯·赫尔曼/弗兰科·梅斯科利尼/安东尼奥·普雷斯特/吉娜·诺维勒/理查德·塞梅尔/安德烈提多娜/迪尔克·范登贝格/奥梅罗·安东努蒂,剧情/喜剧/爱情/战争,意大利, 意大利语 / 德语 / 英语,2020-01-03(中国大陆)/1997-12-20(意大利),116分钟(国际版),9.5,1380237,80.5%/16.9%/2.2%/0.2%/0.2%
星际穿越 Interstellar,(2014),克里斯托弗·诺兰,乔纳森·诺兰/克里斯托弗·诺兰,马修·麦康纳/安妮·海瑟薇/杰西卡·查斯坦/麦肯吉·弗依/卡西·阿弗莱克/迈克尔·凯恩/马特·达蒙/提莫西·查拉梅/艾伦·伯斯汀/约翰·利思戈/韦斯·本特利/大卫·吉亚西/比尔·欧文/托弗·戈瑞斯/科莱特·沃夫/弗朗西斯·X.麦卡蒂/安德鲁·博尔巴/乔什·斯图沃特/莱雅·卡里恩斯/利亚姆·迪金森/杰夫·赫普内尔/伊莱耶斯·加贝尔/布鲁克·史密斯/大卫·奥伊罗/威廉姆·德瓦内/拉什·费加/格里芬·弗雷泽/弗洛拉·诺兰,剧情/科幻/冒险,美国/英国/加拿大, 英语,2014-11-12(中国大陆)/2020-08-02(中国大陆重映)/2014-11-07(美国),169分钟,9.4,1958915,75.5%/20.3%/3.7%/0.4%/0.2%
盗梦空间 Inception,(2010),克里斯托弗·诺兰,克里斯托弗·诺兰,莱昂纳多·迪卡普里奥/约瑟夫·高登-莱维特/艾利奥特·佩吉/汤姆·哈迪/渡边谦/迪利普·劳/基里安·墨菲/汤姆·贝伦杰/玛丽昂·歌迪亚/皮特·波斯尔思韦特/迈克尔·凯恩/卢卡斯·哈斯/李太力/克莱尔·吉尔蕾/马格努斯·诺兰/泰勒·吉蕾/乔纳森·吉尔/水源士郎/冈本玉二/厄尔·卡梅伦/瑞恩·海沃德/米兰达·诺兰/拉什·费加/蒂姆·科勒赫/妲露拉·莱莉,剧情/科幻/悬疑/冒险,美国/英国, 英语 / 日语 / 法语,2010-09-01(中国大陆)/2020-08-28(中国大陆重映)/2010-07-16(美国),148分钟,9.4,2157797,72.7%/23.5%/3.5%/0.2%/0.1%
楚门的世界 The Truman Show,(1998),彼得·威尔,安德鲁·尼科尔,金·凯瑞/劳拉·琳妮/艾德·哈里斯/诺亚·艾默里奇/娜塔莎·麦克艾霍恩,剧情/科幻,美国, 英语,1998-06-05(美国),103分钟,9.4,1813224,72.3%/24.2%/3.3%/0.2%/0.1%
辛德勒的名单 Schindler's List,(1993),史蒂文·斯皮尔伯格,托马斯·肯尼利/斯蒂文·泽里安,连姆·尼森/本·金斯利/拉尔夫·费因斯/卡罗琳·古多尔/乔纳森·萨加尔/艾伯丝·戴维兹/马尔戈萨·格贝尔/马克·伊瓦涅/碧翠斯·马科拉/安德烈·瑟韦林/弗里德里希·冯·图恩/克齐斯茨托夫·拉夫特/诺伯特·魏塞尔/维斯瓦夫·科马萨,剧情/历史/战争,美国, 英语 / 希伯来语 / 德语 / 波兰语,1993-11-30(华盛顿首映)/1994-02-04(美国),195分钟,9.5,1167041,80.2%/17.3%/2.1%/0.1%/0.2%
忠犬八公的故事 Hachi: A Dog's Tale,(2009),拉斯·霍尔斯道姆,斯蒂芬·P·林赛/新藤兼人,理查·基尔/莎拉·罗默尔/琼·艾伦/罗比·萨布莱特/艾瑞克·阿瓦利/田川洋行/杰森·亚历山大/罗伯特·卡普荣,剧情,美国/英国, 英语 / 日语,2009-06-13(西雅图电影节)/2010-03-12(英国),93分钟,9.4,1447450,74.9%/21.1%/3.6%/0.3%/0.1%
海上钢琴师 La leggenda del pianista sull'oceano,(1998),朱塞佩·托纳多雷,亚历山德罗·巴里科/朱塞佩·托纳多雷,蒂姆·罗斯/普路特·泰勒·文斯/比尔·努恩/克兰伦斯·威廉姆斯三世/梅兰尼·蒂埃里/皮特·沃恩/尼尔·奥布赖恩/阿尔贝托·巴斯克斯/加布里埃莱·拉维亚/科里·巴克/西德尼·科尔/Luigi De Luca/尼古拉·迪·平托/费米·依鲁福祖/伊斯顿·盖奇/凯文·麦克纳利/布莱恩·普林格/沙拉·鲁宾/希思科特·威廉姆斯/阿妮妲·扎格利亚/安吉洛·迪洛雷塔,剧情/音乐,意大利, 英语 / 法语 / 意大利语,2019-11-15(中国大陆)/1998-10-28(意大利),165分钟,9.3,1744400,71.0%/24.0%/4.4%/0.4%/0.2%
三傻大闹宝莱坞 3 Idiots,(2009),拉吉库马尔·希拉尼,维德胡·维诺德·乔普拉/拉吉库马尔·希拉尼/阿希贾特·乔希,阿米尔·汗/卡琳娜·卡普尔/马达范/沙尔曼·乔希/奥米·瓦依达/博曼·伊拉尼/莫娜·辛格/拉杰夫·拉宾德拉纳特安,剧情/喜剧/爱情/歌舞,印度, 印地语 / 乌尔都语 / 英语,2011-12-08(中国大陆)/2009-12-25(印度),171分钟(印度),9.2,1934671,68.9%/25.4%/4.9%/0.5%/0.2%
放牛班的春天 Les choristes,(2004),克里斯托夫·巴哈蒂,乔治·沙普罗/勒·惠勒/诺埃-诺尔/克里斯托夫·巴哈蒂/菲利普·洛佩斯-屈瓦尔,让-巴蒂斯特·莫尼耶/热拉尔·朱尼奥/弗朗索瓦·贝莱昂/凯德·麦拉德/让-保罗·博奈雷/雅克·贝汉/玛丽·布奈尔/马克桑斯·贝汉/格雷戈里·加迪诺尔/托马斯·布伦门塔尔/西里尔·伯尔尼科特/西蒙·法戈特/泰奥杜尔·卡雷-卡赛尼/菲利普·杜·詹纳兰德/埃里克·德斯玛莱茨/狄迪尔·弗拉蒙/Carole Weiss,剧情/音乐,法国/瑞士/德国, 法语,2004-10-16(中国大陆)/2022-12-02(中国大陆重映)/2004-03-17(法国),97分钟,9.3,1370013,71.0%/25.2%/3.5%/0.2%/0.1%
机器人总动员 WALL·E,(2008),安德鲁·斯坦顿,安德鲁·斯坦顿/吉姆·里尔顿/彼特·道格特,本·贝尔特/艾丽莎·奈特/杰夫·格尔林/佛莱德·威拉特/西格妮·韦弗/MacInTalk/约翰·拉森贝格/凯茜·纳基麦/泰迪·牛顿/鲍伯·伯根/洛丽·理查德森/吉姆·瓦德/彼特·道格特/安德鲁·斯坦顿/杰夫·皮金/约翰·齐甘/米凯·麦高万/雪莉·琳恩/克莱特·惠特克/唐纳德·富利洛夫/罗里·艾伦/杰斯·哈梅尔/拉瑞恩·纽曼/扬·拉布森/保罗·伊丁,科幻/动画/冒险,美国, 英语,2008-06-27(美国),98分钟,9.3,1374298,71.9%/23.9%/3.9%/0.2%/0.1%
疯狂动物城 Zootopia,(2016),拜伦·霍华德,拜伦·霍华德/瑞奇·摩尔/杰拉德·布什/吉姆·里尔顿/乔西·特立尼达/菲尔·约翰斯顿/珍妮弗·李,金妮弗·古德温/杰森·贝特曼/伊德瑞斯·艾尔巴/珍妮·斯蕾特/内特·托伦斯/邦尼·亨特/唐·雷克/汤米·钟/J·K·西蒙斯/奥克塔维亚·斯宾瑟/艾伦·图代克/夏奇拉/雷蒙德·S·佩尔西/德拉·萨巴/莫里斯·拉马奇/菲尔·约翰斯顿/约翰·迪·马吉欧/凯蒂·洛斯/吉塔·雷迪/杰西·科尔蒂/汤米·利斯特/乔希·达拉斯/瑞奇·摩尔/凯斯·索西/彼得·曼斯布里奇/拜伦·霍华德/杰拉德·布什/马克·史密斯/乔西·特立尼达/约翰·拉维尔/克里斯汀·贝尔/吉尔·科德斯/梅利莎·古德温,喜剧/动画/冒险,美国, 英语 / 挪威语,2016-03-04(中国大陆/美国)/2020-07-24(中国大陆重映),109分钟(中国大陆),9.2,2048786,66.7%/28.7%/4.4%/0.2%/0.1%
无间道 無間道,(2002),刘伟强,麦兆辉/庄文强,刘德华/梁朝伟/黄秋生/曾志伟/陈慧琳/郑秀文/陈冠希/余文乐/萧亚轩/林家栋/吴廷烨/林迪安/尹志强/许金峰/何华超/利沙华/区轩玮/李天翔/黄燕强/姚文基/余世腾/苏伟南/黎志伟/梁皓楷/张旭燊/袁伟豪/杜汶泽,剧情/惊悚/犯罪,中国香港, 粤语,2003-09-05(中国大陆)/2002-12-12(中国香港),101分钟,9.3,1437008,69.4%/26.6%/3.8%/0.2%/0.1%
控方证人 Witness for the Prosecution,(1957),比利·怀尔德,阿加莎·克里斯蒂/比利·怀尔德/哈里·库尼兹,泰隆·鲍华/玛琳·黛德丽/查尔斯·劳顿/埃尔莎·兰彻斯特/约翰·威廉姆斯/亨利·丹尼尔/伊安·沃尔夫/托林·撒切尔/诺玛·威登/尤娜·奥康纳/茹塔·李,剧情/悬疑/犯罪,美国, 英语 / 德语,1957-12-17(美国),116分钟,9.6,614737,82.3%/15.9%/1.6%/0.1%/0.1%
大话西游之大圣娶亲 西遊記大結局之仙履奇緣,(1995),刘镇伟,刘镇伟/吴承恩,周星驰/吴孟达/朱茵/蔡少芬/蓝洁瑛/莫文蔚/罗家英/刘镇伟/陆树铭/李健仁,喜剧/爱情/奇幻/古装,中国香港/中国大陆, 粤语 / 汉语普通话,2014-10-24(中国大陆)/2017-04-13(中国大陆重映)/1995-02-04(中国香港),95分钟,9.2,1595144,67.0%/26.4%/5.9%/0.5%/0.3%
熔炉 도가니,(2011),黄东赫,黄东赫/孔枝泳,孔刘/郑有美/金贤秀/郑仁絮/白承焕/张光/金民尚/林贤成/金周灵/严孝燮/全国焕/崔镇浩/金志映/严智星/许在浩/张素妍,剧情,韩国, 韩语,2011-09-22(韩国),125分钟,9.4,970506,71.5%/24.9%/3.3%/0.2%/0.1%
教父 The Godfather,(1972),弗朗西斯·福特·科波拉,马里奥·普佐/弗朗西斯·福特·科波拉,马龙·白兰度/阿尔·帕西诺/詹姆斯·肯恩/理查德·卡斯特尔诺/罗伯特·杜瓦尔/斯特林·海登/约翰·马利/理查德·康特/艾尔·勒提埃里/黛安·基顿/阿贝·维高达/塔莉娅·夏尔/吉亚尼·罗素/约翰·凯泽尔/鲁迪·邦德/兰尼·蒙大拿,剧情/犯罪,美国, 英语 / 意大利语 / 拉丁语,1972-03-15(纽约首映)/1972-03-24(美国),175 分钟,9.3,1016207,72.2%/22.7%/4.5%/0.4%/0.2%
触不可及 Intouchables,(2011),奥利维埃·纳卡什,奥利维埃·纳卡什/埃里克·托莱达诺,弗朗索瓦·克鲁塞/奥玛·希/安娜·勒尼/奥德雷·弗勒罗/约瑟芬娜·德·摩/克洛蒂尔德·莫莱特/阿尔芭·贝露琪/Cyril Mendy/萨丽马特·卡马特/Absa Diatou Toure/Grégoire Oestermann/Dominique Daguier/François Caron/Christian Ameri/托马·索利韦尔,剧情/喜剧,法国, 法语,2011-11-02(法国),112分钟,9.3,1179661,68.8%/26.8%/4.1%/0.3%/0.1%
当幸福来敲门 The Pursuit of Happyness,(2006),加布里埃莱·穆奇诺,斯蒂夫·康拉德,威尔·史密斯/贾登·史密斯/坦迪·牛顿/布莱恩·豪威 /詹姆斯·凯伦/丹·卡斯泰兰尼塔/柯特·富勒/塔卡尤·费舍尔/凯文·韦斯特/乔治·张/戴维·迈克尔·西尔弗曼/多米尼克·博夫/杰弗·卡伦/乔伊芙·拉文/斯科特·克拉斯,剧情/家庭/传记,美国, 英语 / 粤语,2008-01-17(中国大陆)/2020-07-20(中国大陆重映)/2006-12-15(美国),117分钟,9.2,1580401,64.8%/28.9%/5.7%/0.4%/0.2%
寻梦环游记 Coco,(2017),李·昂克里奇,阿德里安·莫利纳/马修·奥尔德里奇/李·昂克里奇/詹森·卡茨,安东尼·冈萨雷斯/盖尔·加西亚·贝纳尔/本杰明·布拉特/阿兰娜·乌巴赫/芮妮·维克托/杰米·卡米尔/阿方索·阿雷奥/赫伯特·西古恩萨/加布里埃尔·伊格莱西亚斯/隆巴多·博伊尔/安娜·奥菲丽亚·莫吉亚/娜塔丽·科尔多瓦/赛琳娜·露娜/爱德华·詹姆斯·奥莫斯/索菲亚·伊斯皮诺萨/卡拉·梅迪纳/黛娅娜·欧特里/路易斯·瓦尔德斯/布兰卡·阿拉切利/萨尔瓦多·雷耶斯/切奇·马林/奥克塔维·索利斯/约翰·拉森贝格,喜剧/动画/音乐/奇幻,美国, 英语 / 西班牙语,2017-11-24(中国大陆)/2020-07-20(中国大陆重映)/2017-11-22(美国),105分钟,9.1,1779593,62.4%/30.2%/6.8%/0.4%/0.2%
末代皇帝 The Last Emperor,(1987),贝纳尔多·贝托鲁奇,贝纳尔多·贝托鲁奇/马克·派普罗,尊龙/陈冲/邬君梅/彼得·奥图尔/英若诚/吴涛/黄自强/丹尼斯·邓/坂本龙一/马吉·汉/里克·扬/田川洋行/苟杰德/理查德·吴/皱缇格/陈凯歌/卢燕/蒋锡礽/陈述/鲍皓昕/黄文捷/邵茹贞/亨利·基/张良斌/梁冬/康斯坦丁·格雷戈里/黄汉琪/王涛/宋怀桂/蔡鸿翔/程淑艳/张天民,剧情/传记/历史,英国/意大利/中国大陆/法国, 英语 / 汉语普通话 / 日语,1987-10-04(东京国际电影节)/1987-10-23(意大利),163分钟,9.3,937619,70.6%/25.1%/3.9%/0.3%/0.1%
龙猫 となりのトトロ,(1988),宫崎骏,宫崎骏,日高范子/坂本千夏/糸井重里/岛本须美/北林谷荣/高木均/雨笠利幸/丸山裕子/广濑正志/鹫尾真知子/铃木玲子/千叶繁/龙田直树/鳕子/西村朋纮/石田光子/神代知衣/中村大树/水谷优子/平松晶子/大谷育江,动画/奇幻/冒险,日本, 日语,2018-12-14(中国大陆)/1988-04-16(日本),86分钟,9.2,1320323,64.4%/29.5%/5.8%/0.2%/0.1%
怦然心动 Flipped,(2010),罗伯·莱纳,罗伯·莱纳/安德鲁·沙因曼/文德琳·范·德拉安南,玛德琳·卡罗尔/卡兰·麦克奥利菲/瑞贝卡·德·莫妮/安东尼·爱德华兹/约翰·马奥尼/佩内洛普·安·米勒/艾丹·奎因/凯文·韦斯曼/摩根·莉莉/瑞安·克茨纳/吉莉安·普法夫/迈克尔·博萨/博·勒纳/杰奎琳·埃沃拉/泰勒·格鲁秀斯/艾莉·布莱恩特/阿什莉·泰勒/伊瑟尔·布罗萨德/科迪·霍恩/迈克尔·博尔顿/肖恩·哈珀/斯戴芬妮·斯考特/帕特丽夏·伦茨/马修·戈尔德/阿罗拉·凯瑟琳·史密斯/凯莉·唐纳利/索菲亚·撒高/米歇尔·梅斯默/斯科特·乔尔·吉兹基/罗德·迈尔斯/卡拉 帕西托/凯特琳·帕西托,剧情/喜剧/爱情,美国, 英语,2010-07-26(好莱坞首映)/2010-09-10(美国),90分钟,9.1,1910832,62.1%/30.4%/6.8%/0.5%/0.2%
活着,(1994),张艺谋,芦苇/余华,葛优/巩俐/姜武/牛犇/郭涛/张璐/倪大红/肖聪/董飞/刘天池/董立范/黄宗洛/刘燕瑾/李连义/杨同顺,剧情/家庭/历史,中国大陆/中国香港, 汉语普通话,1994-06-30(中国香港)/1994-05-17(戛纳电影节),132分钟,9.3,892422,70.3%/25.5%/3.9%/0.3%/0.1%
哈利·波特与魔法石 Harry Potter and the Sorcerer's Stone,(2001),克里斯·哥伦布,史蒂夫·克洛夫斯/J·K·罗琳,丹尼尔·雷德克里夫/艾玛·沃森/鲁伯特·格林特/艾伦·瑞克曼/玛吉·史密斯/汤姆·费尔顿/伊恩·哈特/理查德·哈里斯/约翰·赫特/罗彼·考特拉尼/朱丽·沃特斯/邦妮·怀特/约翰·克里斯/肖恩·比格斯代夫,奇幻/冒险,美国/英国, 英语,2002-01-26(中国大陆)/2020-08-14(中国大陆重映)/2001-11-04(英国首映)/2001-11-16(美国),152分钟,9.2,1262952,65.7%/28.4%/5.6%/0.3%/0.1%
蝙蝠侠：黑暗骑士 The Dark Knight,(2008),克里斯托弗·诺兰,乔纳森·诺兰/克里斯托弗·诺兰/大卫·S·高耶,克里斯蒂安·贝尔/希斯·莱杰/艾伦·艾克哈特/迈克尔·凯恩/玛吉·吉伦哈尔/加里·奥德曼/摩根·弗里曼/莫尼克·加布里埃拉·库尔内/罗恩·迪恩/基里安·墨菲/黄经汉/内斯特·卡博内尔/埃里克·罗伯茨/里特奇·科斯特/安东尼·迈克尔·豪尔/基斯·斯扎拉巴基克/柯林·麦克法兰/约书亚·哈尔托/美琳达·麦格劳/内森·甘宝/迈克尔·维约/迈克尔·斯托扬诺夫/威廉·斯米利/丹尼·高德林/迈克尔·加·怀特/马修·奥尼尔/威廉·菲克纳/欧鲁米基·欧拉乌米/格雷格·比姆/爱利克·赫尔曼/毕崔斯·罗森/文森佐·尼克力/陈冠希,剧情/动作/科幻/惊悚/犯罪,美国/英国, 英语 / 汉语普通话,2008-07-14(纽约首映)/2008-07-18(美国),152分钟,9.2,1110955,68.2%/25.6%/5.6%/0.4%/0.2%
指环王3：王者无敌 The Lord of the Rings: The Return of the King,(2003),彼得·杰克逊,弗兰·威尔士/菲利帕·鲍恩斯/彼得·杰克逊/J.R.R.托尔金,伊利亚·伍德/西恩·奥斯汀/维果·莫腾森/奥兰多·布鲁姆/伊恩·麦克莱恩/肖恩·宾/多米尼克·莫纳汉/丽芙·泰勒/约翰·贝西/凯特·布兰切特/比利·博伊德/萨德文·布罗菲/阿利斯泰尔·布朗宁/马尔顿·索克斯/伯纳德·希尔/伊安·霍姆/布鲁斯·霍普金斯/伊恩·休斯/劳伦斯·马克奥雷/诺埃尔·阿普利比/布雷特·麦肯齐/Alexandra Astin/Sarah McLeod/Maisy McLeod-Riera/约翰·诺贝尔/Paul Norell/米兰达·奥图/布鲁斯·菲利普斯/沙恩·朗吉/约翰·瑞斯-戴维斯/托德·里彭/安迪·瑟金斯/Harry Sinclair/乔尔·托贝克/卡尔·厄本/史蒂芬·乌瑞/雨果·维文/大卫·文翰/阿兰·霍华德/萨拉·贝克/Robert Pollock/佩特·史密斯/杰德·布罗菲/菲利普·格里夫/布拉德·道里夫/克里斯托弗·李/布鲁斯·斯宾斯/吉诺·阿赛维多/Jarl Benzon/Jørn Benzon/Robert Catto/Michael Elsworth/彼得·杰克逊/Sandro Kopp/安德鲁·莱斯尼/约瑟夫·米卡-亨特/亨利·莫腾森/克雷格·帕克/克里斯蒂安·瑞沃斯/迈克尔·斯曼内科 /霍华德·肖/约翰·斯蒂芬森/理查德·泰勒,剧情/动作/奇幻/冒险,美国/新西兰, 英语 / 昆雅语 / 古英语 / 辛达林语,2004-03-12(中国大陆)/2021-05-14(中国大陆重映)/2003-12-17(美国),201分钟,9.3,842122,70.9%/23.6%/5.0%/0.4%/0.2%
我不是药神,(2018),文牧野,韩家女/钟伟/文牧野,徐峥/王传君/周一围/谭卓/章宇/杨新鸣/王佳佳/王砚辉/贾弘逍/龚蓓苾/宁浩/李乃文/岳小军/苇青/富冠铭/巴拉特·巴蒂/喜利图/张海艳/朱耕佑,剧情/喜剧,中国大陆, 汉语普通话 / 英语 / 上海话 / 印地语,2018-07-05(中国大陆)/2018-06-30(大规模点映),117分钟,9.0,2194339,58.8%/33.7%/6.8%/0.5%/0.2%
乱世佳人 Gone with the Wind,(1939),维克多·弗莱明,玛格丽特·米切尔/西德尼·霍华德/奥利弗·H·P·加勒特/本·赫克特/乔·斯沃林/约翰·范·德鲁登,费雯·丽/克拉克·盖博/奥利维娅·德哈维兰/托马斯·米切尔/芭芭拉·欧内尔/伊夫林·凯耶斯/安·卢瑟福德/乔治·里弗斯/弗莱德·克莱恩/海蒂·麦克丹尼尔斯/奥斯卡·波尔克/巴特弗莱·麦昆/维克托·乔里/埃弗雷特·布朗/霍华德·C·希克曼/艾丽西亚·瑞特/莱斯利·霍华德/兰德·布鲁克斯/卡洛尔·奈/劳拉·霍普·克鲁斯/埃迪·安德森/哈里·达文波特/利昂娜·罗伯特/简·达威尔/欧娜·满森/保罗·赫斯特/伊莎贝尔·朱尔/卡米·金·肯伦/艾瑞克·林登/J·M·克里根/沃德·邦德/莉莲·肯布尔-库珀,剧情/爱情/历史/战争,美国, 英语,1939-12-15(美国),233分钟,9.3,724538,70.6%/24.7%/4.2%/0.3%/0.1%
飞屋环游记 Up,(2009),彼特·道格特,彼特·道格特/鲍勃·彼德森/汤姆·麦卡锡,爱德华·阿斯纳/克里斯托弗·普卢默/乔丹·长井/鲍勃·彼德森/德尔罗伊·林多/杰罗姆·兰福特/约翰·拉森贝格/大卫·卡耶/艾丽·道克特/杰里米·利里/米凯·麦高万/丹尼·曼恩/唐纳德·富利洛夫/杰斯·哈梅尔/乔什·库雷/彼特·道格特,剧情/喜剧/动画/冒险,美国, 英语,2009-08-04(中国大陆)/2009-05-13(戛纳电影节)/2009-05-29(美国),96分钟,9.1,1387188,61.2%/32.2%/6.2%/0.3%/0.1%
素媛 소원,(2013),李濬益,金智慧/曹重勋/金成旭,薛景求/严志媛/李来/金海淑/金相镐/罗美兰/杨真诚/权泰元,剧情,韩国, 韩语,2013-10-02(韩国),122分钟,9.3,719899,69.6%/26.4%/3.6%/0.2%/0.1%
哈尔的移动城堡 ハウルの動く城,(2004),宫崎骏,宫崎骏,倍赏千惠子/木村拓哉/美轮明宏/我修院达也/神木隆之介/伊崎充则/大泉洋/大塚明夫/原田大二郎/加藤治子/都筑香弥子,爱情/动画/奇幻/冒险,日本, 日语,2024-04-30(中国大陆)/2004-09-05(威尼斯电影节)/2004-11-20(日本),119分钟,9.1,1145002,63.9%/29.1%/6.4%/0.5%/0.2%
十二怒汉 12 Angry Men,(1957),西德尼·吕美特,雷金纳德·罗斯,亨利·方达/马丁·鲍尔萨姆/约翰·菲德勒/李·科布/E.G.马绍尔/杰克·克卢格曼/爱德华·宾斯/杰克·瓦尔登/约瑟夫·史威尼/埃德·贝格利/乔治·沃斯科维奇/罗伯特·韦伯,剧情,美国, 英语,1957-04-10(美国),96分钟,9.4,522717,76.0%/20.7%/3.0%/0.2%/0.1%
让子弹飞,(2010),姜文,朱苏进/述平/姜文/郭俊立/危笑/李不空/马识途,姜文/葛优/周润发/刘嘉玲/陈坤/张默/姜武/周韵/廖凡/姚橹/邵兵/苗圃/冯小刚/胡军/马珂/白冰/杜奕衡/李静/胡明/危笑/杨奇雨/赵铭,剧情/喜剧/动作/西部,中国大陆/中国香港, 汉语普通话 / 四川话 / 山西话,2010-12-16(中国大陆),132分钟,9.0,1778872,60.4%/30.8%/7.7%/0.7%/0.3%
何以为家 كفرناحوم,(2018),娜丁·拉巴基,娜丁·拉巴基/吉哈德·霍加里/米歇尔·凯塞尔瓦尼/乔治斯·哈巴兹/哈立德·穆扎纳,赞恩·阿尔·拉菲亚/约丹诺斯·希费罗/博鲁瓦蒂夫·特雷杰·班科尔/卡萨尔·艾尔·哈达德/法迪·尤瑟夫/海塔·塞德拉·伊扎姆/阿拉·乔什涅/娜丁·拉巴基/埃利亚斯·库利/努尔·艾尔·侯赛尼,剧情,黎巴嫩/美国/法国/塞浦路斯/卡塔尔/英国, 阿拉伯语 / 阿姆哈拉语,2019-04-29(中国大陆)/2018-05-17(戛纳电影节)/2018-09-20(黎巴嫩),126分钟,9.1,1090371,60.1%/33.9%/5.5%/0.4%/0.2%
摔跤吧！爸爸 Dangal,(2016),涅提·蒂瓦里,比于什·古普塔/施热亚·简/尼基尔·麦罗特拉/涅提·蒂瓦里,阿米尔·汗/法缇玛·萨那·纱卡/桑亚·玛荷塔/阿帕尔夏克提·库拉那/沙克希·坦沃/塞伊拉·沃西/苏哈妮·巴特纳格尔/里特维克·萨霍里/吉里什·库卡尼,剧情/家庭/传记/运动,印度, 印地语 / 英语,2017-05-05(中国大陆)/2016-12-23(印度),161分钟(印度),9.0,1631086,59.5%/33.0%/6.9%/0.5%/0.2%
猫鼠游戏 Catch Me If You Can,(2002),史蒂文·斯皮尔伯格,杰夫·内桑森,莱昂纳多·迪卡普里奥/汤姆·汉克斯/克里斯托弗·沃肯/马丁·辛/艾米·亚当斯/詹妮弗·加纳/伊丽莎白·班克斯/纳塔莉·贝伊/詹姆斯·布洛林/艾伦·旁派/南希·利内翰/布莱恩·豪威 /弗兰克·约翰·休斯/克里斯·埃里斯,剧情/传记/犯罪,美国/加拿大, 英语 / 法语,2003-04-11(中国大陆)/2002-12-16(洛杉矶首映)/2002-12-25(美国),141 分钟,9.1,1090977,61.3%/33.4%/5.0%/0.2%/0.1%
天空之城 天空の城ラピュタ,(1986),宫崎骏,宫崎骏,田中真弓/横泽启子/初井言荣/寺田农/常田富士男/永井一郎/糸博/鹫尾真知子/神山卓三/安原义人/槐柳二/鳕子,动画/奇幻/冒险,日本, 日语,1992-05-01(中国大陆)/2023-06-01(中国大陆重映)/1986-08-02(日本),125分钟,9.2,928541,64.9%/29.5%/5.3%/0.3%/0.1%
海蒂和爷爷 Heidi,(2015),阿兰·葛斯彭纳,约翰娜·斯比丽/佩特拉·比翁迪娜·沃尔普,阿努克·斯特芬/布鲁诺·冈茨/昆林·艾格匹/安娜·申茨/伊莎贝尔·奥特曼/莉莲·奈福/彼得·杰克林/克里斯托夫·高格勒/丽贝卡·因德穆/莫妮卡·古布瑟/阿瑟·比勒/玛丽埃塔·耶米/彼得·洛迈尔/卡塔琳娜·舒特勒/杰拉·哈斯/迈克尔·克兰茨/劳拉·帕克/马库斯·赫林/马克西姆·梅米特/汉娜洛蕾·赫格,剧情/家庭/冒险,德国/瑞士, 南非语 / 德语 / 瑞士德语,2019-05-16(中国大陆)/2015-12-10(德国),111分钟,9.3,672575,69.8%/25.5%/4.4%/0.3%/0.1%
鬼子来了,(2000),姜文,姜文/史建全/述平/尤凤伟,姜文/香川照之/袁丁/姜宏波/丛志军/李丛喜/泽田谦也/李海滨/蔡卫东/陈述/陈莲梅/史建全/陈强/宫路佳具/吴大维/梶冈润一/石山雄大/述平/姜武,剧情/喜剧,中国大陆, 汉语普通话 / 日语 / 唐山话,2000-05-12(戛纳电影节)/2002-04-27(日本),139分钟,9.3,658058,71.1%/24.1%/4.3%/0.3%/0.2%
少年派的奇幻漂流 Life of Pi,(2012),李安,扬·马特尔/大卫·麦基,苏拉·沙玛/伊尔凡·可汗/拉菲·斯波/阿迪勒·侯赛因/塔布/阿尤什·坦东/加塔姆·贝鲁尔/阿彦·汗/穆德·阿巴斯·卡勒里/维比什·希瓦库玛/热拉尔·德帕迪约/詹姆斯·斋藤/俊·奈托/安德里亚·迪·斯戴法诺/沙拉万提·塞纳特/王柏杰/柯一正/黄健玮,剧情/奇幻/冒险,美国/中国台湾/英国/加拿大, 英语 / 泰米尔语 / 法语 / 日语 / 印地语 / 汉语普通话,2012-11-22(中国大陆)/2012-09-28(纽约电影节)/2012-11-21(美国),127分钟,9.1,1400660,61.7%/31.3%/6.4%/0.4%/0.2%
钢琴家 The Pianist,(2002),罗曼·波兰斯基,罗纳德·哈伍德,阿德里安·布罗迪/托马斯·克莱舒曼/艾米莉娅·福克斯/米哈乌·热布罗夫斯基/埃德·斯托帕德/穆琳·利普曼/弗兰克·芬莱/茱莉亚·蕾娜/杰西卡·凯特·梅耶尔/理查德·赖丁斯,剧情/音乐/传记/战争,英国/法国/波兰/德国, 英语 / 德语 / 俄语,2002-05-24(戛纳电影节)/2002-09-25(法国),149分钟,9.3,680285,68.3%/27.4%/3.9%/0.2%/0.1%
大话西游之月光宝盒 西遊記第壹佰零壹回之月光寶盒,(1995),刘镇伟,刘镇伟/吴承恩,周星驰/吴孟达/罗家英/蓝洁瑛/莫文蔚/江约诚/陆树铭/刘镇伟/朱茵/李健仁/李宝龙,喜剧/爱情/奇幻/古装,中国香港/中国大陆, 粤语 / 汉语普通话,2014-10-24(中国大陆)/1995-01-21(中国香港),88分钟,9.0,1270839,60.5%/31.4%/7.3%/0.6%/0.2%
指环王2：双塔奇兵 The Lord of the Rings: The Two Towers,(2002),彼得·杰克逊,弗兰·威尔士/菲利帕·鲍恩斯/斯蒂芬·辛克莱/彼得·杰克逊/J.R.R.托尔金,伊利亚·伍德/西恩·奥斯汀/多米尼克·莫纳汉/奥兰多·布鲁姆/维果·莫腾森/伊恩·麦克莱恩/凯特·布兰切特/比利·博伊德/杰德·布罗菲/丽芙·泰勒/安迪·瑟金斯/米兰达·奥图/雨果·维文/布拉德·道里夫/卡卢姆·吉廷斯/伯纳德·希尔/布鲁斯·霍普金斯/克里斯托弗·李/纳撒尼尔·利斯/罗宾·马尔科姆/约翰·贝西/萨拉·贝克/克雷格·帕克/布鲁斯·菲利普斯/Robert Pollock/约翰·瑞斯-戴维斯/奥利维亚·田內/卡尔·厄本/史蒂芬·乌瑞/大卫·文翰/菲利普·格里夫/肖恩·宾/约翰·诺贝尔/Jarl Benzon/Jørn Benzon/Ben Britton/阿利斯泰尔·布朗宁/Sean Button/Robert Catto/罗德尼·库克/卡尔洛斯·德林克沃特/西奥沙福瓦/本·弗兰舍姆/Jonathan Harding/Lucas Hayward/丹·汉纳/保罗·霍姆斯/杰森霍德/彼得·杰克逊/Sam Kelly/Sandro Kopp,剧情/动作/奇幻/冒险,美国/新西兰, 英语 / 辛达林语 / 古代英语,2003-04-25(中国大陆)/2021-04-23(中国大陆重映)/2002-12-05(纽约首映)/2002-12-18(美国),180分钟,9.2,790912,66.6%/27.2%/5.6%/0.4%/0.1%
闻香识女人 Scent of a Woman,(1992),马丁·布莱斯特,博·古德曼/乔瓦尼·阿尔皮诺,阿尔·帕西诺/克里斯·奥唐纳/詹姆斯·瑞布霍恩/加布里埃尔·安瓦尔/菲利普·塞默·霍夫曼/理查德·文彻/布莱德利·惠特福德/罗谢尔·奥利弗/Margaret Eginton/Tom Riis Farrell/Nicholas Sadler/托德·路易斯/马特·史密斯/吉恩·坎菲尔德/弗兰西丝·康罗伊,剧情,美国, 英语,1992-12-23(美国),157 分钟,9.1,935730,63.2%/30.2%/6.1%/0.5%/0.1%
死亡诗社 Dead Poets Society,(1989),彼得·威尔,汤姆·舒尔曼,罗宾·威廉姆斯/罗伯特·肖恩·莱纳德/伊桑·霍克/乔西·查尔斯/盖尔·汉森/迪伦·库斯曼/阿勒隆·鲁杰罗/詹姆斯·沃特斯顿/诺曼·劳埃德/柯特伍德·史密斯/卡拉·贝尔韦尔/利昂·波纳尔/乔治·马丁/乔·奥菲耶里/马特·凯里/凯文·库尼/拉腊·弗林·鲍尔/亚历桑德拉·鲍尔斯/梅洛拉·沃尔特斯/帕梅拉·伯勒尔/约翰·库宁汉姆/迪布拉·穆尼/库尔特·莱特纳/凯瑟·斯内德/霍纳斯·斯蒂克洛瑞斯/杰米·肯尼迪,剧情,美国, 英语 / 拉丁语,1989-06-02(多伦多首映)/1989-06-09(美国),128 分钟,9.2,778198,66.1%/27.6%/5.7%/0.5%/0.2%
绿皮书 Green Book,(2018),彼得·法雷里,尼克·瓦莱隆加/布莱恩·库瑞/彼得·法雷里,维果·莫腾森/马赫沙拉·阿里/琳达·卡德里尼/塞巴斯蒂安·马尼斯科/迪米特·D·马里诺夫/迈克·哈顿/P·J·伯恩/乔·柯蒂斯/玛姬·尼克松/冯·刘易斯/乔恩·索特兰/唐·斯达克/安东尼·曼加诺/保罗·斯隆/珍娜·劳伦索/肯尼斯·以色列/伊克博·塞巴/尼克·瓦莱隆加/大卫·安/迈克·切罗内/杰拉尔丁·辛格/马丁·巴特斯·布拉德福德/格拉伦·布莱恩特·班克斯/汤姆·维图/夏恩·帕特洛/丹尼斯·W·霍尔/吉姆·克洛克/戴恩·罗兹/布赖恩·斯特帕尼克/乔恩·迈克尔·戴维斯/布莱恩·库瑞/托尼亚·马尔多纳多,剧情/喜剧/音乐/传记,美国/中国大陆, 英语 / 意大利语 / 俄语 / 德语,2019-03-01(中国大陆)/2018-09-11(多伦多电影节)/2018-11-16(美国),130分钟,8.9,1734498,55.0%/37.4%/7.1%/0.4%/0.1%
大闹天宫,(1961),万籁鸣,李克弱/万籁鸣,邱岳峰/富润生/毕克/尚华/于鼎/李梓/刘广宁,剧情/动画/奇幻/古装,中国大陆, 汉语普通话,1961(中国大陆)/1964(中国大陆)/1978(中国大陆),113分钟,9.4,463555,74.7%/20.9%/4.0%/0.3%/0.2%
罗马假日 Roman Holiday,(1953),威廉·惠勒,达尔顿·特朗勃/伊安·麦克莱伦·亨特/约翰·戴顿,奥黛丽·赫本/格利高里·派克/埃迪·艾伯特/哈特利·鲍尔/哈考特·威廉姆斯/玛格丽特·罗林斯/托里奥·卡米纳提/保罗·卡利尼/克劳迪奥·埃尔梅利/保拉·布鲁布尼/里佐·弗雷多里佐,剧情/喜剧/爱情,美国, 英语 / 意大利语 / 德语,1953-08-20(威尼斯电影节)/1953-09-02(美国),118分钟,9.1,985263,60.7%/32.5%/6.4%/0.3%/0.1%
黑客帝国 The Matrix,(1999),莉莉·沃卓斯基,莉莉·沃卓斯基/拉娜·沃卓斯基,基努·里维斯/劳伦斯·菲什伯恩/凯瑞-安·莫斯/雨果·维文/格洛丽亚·福斯特/乔·潘托里亚诺/马库斯·钟/朱利安·阿拉汗加/马特·多兰/贝琳达·麦克洛里/安东尼·雷·帕克/罗伯特·泰勒/阿达·尼科德莫/罗温·维特/塔玛拉·布朗/纳塔莉·特珍/比尔·扬/克里斯·斯科特/纳许·埃哲顿,动作/科幻,美国, 英语,2000-01-14(中国大陆)/1999-03-31(美国),136分钟,9.1,875685,63.2%/29.9%/6.4%/0.4%/0.1%
指环王1：护戒使者 The Lord of the Rings: The Fellowship of the Ring,(2001),彼得·杰克逊,弗兰·威尔士/菲利帕·鲍恩斯/彼得·杰克逊/J.R.R.托尔金,伊利亚·伍德/西恩·奥斯汀/伊恩·麦克莱恩/维果·莫腾森/奥兰多·布鲁姆/多米尼克·莫纳汉/比利·博伊德/克里斯托弗·李/马尔顿·索克斯/梅根·爱德华兹/伊安·霍姆/凯特·布兰切特/阿兰·霍华德/马克·弗格森/肖恩·宾/萨拉·贝克/劳伦斯·马克奥雷/安迪·瑟金斯/彼得·麦肯齐/伊恩·穆内/克雷格·帕克/卡梅隆·罗德/约翰·瑞斯-戴维斯/丽芙·泰勒/大卫·韦瑟莱/雨果·维文/菲利普·格里夫/威廉·约翰逊/伊丽莎白·穆迪/布莱恩·瑟金特/杰德·布罗菲/诺曼·凯茨/兰德尔·威廉·库克/萨比恩·克洛森/西奥沙福瓦/本·弗兰舍姆/彼得·杰克逊/艾伦·李,剧情/动作/奇幻/冒险,新西兰/美国, 英语 / 辛达林语,2002-04-04(中国大陆)/2021-04-16(中国大陆重映)/2001-12-19(美国),179分钟,9.1,887694,63.6%/28.8%/6.8%/0.6%/0.2%
天堂电影院 Nuovo Cinema Paradiso,(1988),朱塞佩·托纳多雷,朱塞佩·托纳多雷/瓦娜·波利,菲利普·努瓦雷/萨瓦特利·卡西欧/雅克·贝汉/马克·莱昂纳蒂/莱奥波多·特里耶斯泰/安东内拉·阿蒂利/恩佐·卡拉瓦勒/艾萨·丹尼埃利/里奥·故罗塔/普佩拉·玛奇奥/阿格妮丝·那诺/塔诺·希玛罗萨/尼古拉·迪·平托/罗伯塔·蕾娜/尼诺·戴罗佐/玛丽娜·朱迪切/比阿特丽斯·帕姆/布丽吉特·佛西/朱塞佩·托纳多雷,剧情/爱情,意大利/法国, 意大利语,2021-06-11(中国大陆)/1988-11-17(意大利),155分钟,9.2,701591,66.2%/27.9%/5.4%/0.4%/0.1%
教父2 The Godfather: Part II,(1974),弗朗西斯·福特·科波拉,弗朗西斯·福特·科波拉/马里奥·普佐,阿尔·帕西诺/罗伯特·杜瓦尔/黛安·基顿/罗伯特·德尼罗/约翰·凯泽尔/塔莉娅·夏尔/李·斯特拉斯伯格/迈克尔·V·格佐/G•D•斯普拉德林/理查德·布赖特/加斯通·莫辛/汤姆·罗斯奎/布鲁诺·柯比/弗兰克·西维罗/弗朗西丝卡·德·萨维奥/摩甘娜金/玛丽亚娜·希尔/莱奥波多·特里耶斯泰/多米尼克·查尼斯/Amerigo Tot/特洛伊·多纳休/约翰·阿普雷亚/乔·斯皮内尔/阿贝·维高达/吉亚尼·罗素/Maria Carta/菲伊·斯潘/哈利·戴恩·斯坦通/卡明·卡里迪/丹尼·爱罗/威廉·鲍尔斯/约瑟夫·德拉·索尔特/卡门·阿尔根齐亚诺/乔·罗·格里普/Ezio Flagello/凯瑟琳·贝勒/Saveria Mazzola/Tito Alba/彼得·多纳特/汤姆·达尔格伦/Phil Feldman/罗杰·科曼/伊凡·科尔/艾丽卡·约恩/Teresa Tirelli/詹姆斯·肯恩/Italia Coppola/罗曼·科波拉/索菲亚·科波拉/朱莉·格雷格/George Holmes/Buck Houghton/Shep Houghton/小杉正一/加里·库尔茨/Laura Lyons/理查德·麦瑟森/约翰·梅根纳/Harrison Ressler/Al Roberts/Hank Robinson/Filomena Spagnuolo,剧情/犯罪,美国, 英语 / 意大利语 / 西班牙语 / 拉丁语 / 西西里语,1974-12-12(纽约首映)/1974-12-20(美国),202分钟,9.3,582923,68.9%/26.2%/4.5%/0.3%/0.1%
狮子王 The Lion King,(1994),罗杰·阿勒斯,艾琳·梅琪/乔纳森·罗伯特 /琳达·伍尔芙顿,乔纳森·泰勒·托马斯/马修·布罗德里克/杰瑞米·艾恩斯/詹姆斯·厄尔·琼斯/莫伊拉·凯利/内森·连恩/尼基塔·卡兰姆/埃林·萨贝拉/乌比·戈德堡/罗温·艾金森,动画/歌舞/冒险,美国, 英语 / 斯瓦希里语 / 科萨语 / 祖鲁语,1995-07-15(中国大陆)/1994-06-15(美国)/2011-09-16(美国),89 分钟,9.1,886953,61.5%/31.9%/6.2%/0.3%/0.1%
辩护人 변호인,(2013),杨宇硕,杨宇硕/尹贤浩,宋康昊/金英爱/吴达洙/郭度沅/任时完/宋永彰/郑元中/赵敏基/李杭娜/李星民/车光洙/韩基重/沈熙燮/赵莞基/李姃垠,剧情,韩国, 韩语,2013-12-18(韩国),127分钟,9.2,616339,66.5%/28.6%/4.5%/0.3%/0.1%
饮食男女 飲食男女,(1994),李安,李安/王蕙玲/詹姆斯·夏慕斯,郎雄/杨贵媚/吴倩莲/王渝文/张艾嘉/归亚蕾/赵文瑄/陈昭荣/陈捷文/卢金城/唐语谦/洪其德/王瑞/杜满生/王玨/陈妤/左正芬/许敬民/聂卓晶/丁仲,剧情/家庭,中国台湾/美国, 汉语普通话 / 闽南语 / 湖南话,1994-07-02(中国台湾)/1994-05-13(戛纳电影节)/1994-08-03(美国),124分钟,9.2,655080,64.2%/30.7%/4.7%/0.3%/0.1%
搏击俱乐部 Fight Club,(1999),大卫·芬奇,恰克·帕拉尼克/吉姆·乌尔斯,爱德华·诺顿/布拉德·皮特/海伦娜·伯翰·卡特/扎克·格雷尼尔/米特·洛夫/杰瑞德·莱托/艾恩·贝利/里奇蒙德·阿奎特/乔治·马奎尔,剧情/动作/悬疑/惊悚,美国, 英语,1999-09-10(威尼斯电影节)/1999-10-15(美国),139 分钟,9.0,888778,61.8%/29.9%/7.2%/0.8%/0.3%
本杰明·巴顿奇事 The Curious Case of Benjamin Button,(2008),大卫·芬奇,埃里克·罗思/罗宾·史威考德/F. 斯科特·菲茨杰拉德,凯特·布兰切特/布拉德·皮特/朱莉娅·奥蒙德/芳妮·A·钱勃丝/伊莱亚斯·科泰斯/杰森·弗莱明/大卫·詹森/蒂尔达·斯文顿/艾丽·范宁/乔安娜·塞勒/乔什·斯图沃特/丹尼·文森/塔拉吉·P·汉森/马赫沙拉·阿里/菲奥娜·黑尔/唐娜·杜普兰提尔/兰斯·E·尼克尔斯/特德·曼森/克莱·卡伦/菲利斯·萨莫维尔/杰瑞德·哈里斯/麦迪逊·贝蒂/汤姆·埃沃雷特/克里斯托弗·马克斯韦尔/伊利亚·沃里克,剧情/爱情/奇幻,美国, 英语 / 俄语 / 法语,2008-12-25(美国),166分钟,9.0,1028911,58.3%/33.7%/7.4%/0.5%/0.1%
美丽心灵 A Beautiful Mind,(2001),朗·霍华德,阿齐瓦·高斯曼/西尔维娅·纳萨尔,罗素·克劳/艾德·哈里斯/詹妮弗·康纳利/克里斯托弗·普卢默/保罗·贝坦尼/亚当·戈德堡/乔什·卢卡斯/安东尼·拉普/贾森·加里-斯坦福德/贾德·赫希/奥斯汀·潘德尔顿/薇薇·卡登尼/吉莉·西蒙/维克多·斯坦巴赫/坦娅·克拉克/罗伊·辛尼斯/谢丽尔·霍华德/兰斯·霍华德/简·詹金斯/乔什·帕斯/瓦伦蒂娜·卡迪纳利/蒂格尔·F·伯格里/迈克尔·埃斯佩尔/艾米·瓦尔兹/小艾德.朱普/卡拉·奥奇格罗索/斯特里奥·萨万特/迈克尔·阿伯特/雷吉·奥斯汀/凯德·比特纳/理查·布莱恩特/丹·陈/乔纳·福尔肯/法布里奇奥·范特/斯科特·费恩斯特罗姆/迈克尔·菲奥里/塞斯·盖贝尔/埃文·哈特/杰森·霍顿/布莱丝·达拉斯·霍华德/朗·霍华德/多里·曼佐尔/罗伯特·迈尔斯/里德·彭尼/米尔斯·彼埃尔/肖恩·里德,剧情/传记,美国, 英语,2001-12-13(加州首映)/2002-01-04(美国),135分钟,9.1,801688,60.1%/33.5%/6.0%/0.4%/0.1%
穿条纹睡衣的男孩 The Boy in the Striped Pajamas,(2008),马克·赫尔曼,约翰·伯恩/马克·赫尔曼,阿萨·巴特菲尔德/维拉·法米加/卡拉·霍根/祖萨·霍尔/安贝尔·比蒂/拉斯洛·阿隆/大卫·休里斯/理查德·约翰逊/谢拉·汉考克/伊凡·弗雷贝利/贝拉·费斯彼姆/阿提拉·埃杰德/鲁伯特·弗兰德/大卫·海曼/吉姆·诺顿/杰克·塞隆/米哈利·绍鲍多什/泽索特·萨法尔·科夫卡/奥索利亚·茱莉娅·帕普,剧情/战争,英国/美国, 英语 / 西班牙语,2008-08-28(卡内基电影节)/2008-09-12(英国)/2008-11-07(美国),94分钟,9.2,595216,63.8%/31.3%/4.5%/0.3%/0.1%
窃听风暴 Das Leben der Anderen,(2006),弗洛里安·亨克尔·冯·多纳斯马尔克,弗洛里安·亨克尔·冯·多纳斯马尔克,乌尔里希·穆埃/马蒂娜·格德克/塞巴斯蒂安·科赫/乌尔里希·图库尔/托马斯·蒂梅/汉斯-尤韦·鲍尔/沃克马·克莱纳特/马提亚斯·布伦纳/查理·哈纳/赫伯特·克瑙普/巴斯蒂安·特罗斯特/玛丽·格鲁伯/维尔纳·德恩/马丁·布拉姆马赫/托马斯·阿诺德/辛纳克·勋纳曼/路德韦格·布洛克伯格/迈克尔·格伯/吉塔·施维赫夫/希尔德加德·斯罗德/伊嘉·比肯费尔德/凯·伊沃·保利兹/克劳斯·芒斯特,剧情/悬疑,德国, 德语,2006-03-23(德国),137分钟,9.2,590114,64.7%/29.4%/5.3%/0.4%/0.2%
情书 Love Letter,(1995),岩井俊二,岩井俊二,中山美穗/丰川悦司/酒井美纪/柏原崇/范文雀/篠原胜之/铃木庆一/田口智朗/加贺麻理子/光石研/铃木兰兰/盐见三省/中村久美/梅田凡乃/长田江身子 /小栗香织/神户浩/酒井敏也/山口诗史/山崎一/德井优/武藤寿美,剧情/爱情,日本, 日语,1999-03(中国大陆)/2021-05-20(中国大陆重映)/1995-03-25(日本),117分钟,8.9,1177351,56.8%/32.9%/9.1%/0.9%/0.3%
"两杆大烟枪 Lock, Stock and Two Smoking Barrels",(1998),盖·里奇,盖·里奇,杰森·弗莱明/德克斯特·弗莱彻/尼克·莫兰/杰森·斯坦森/斯蒂文·麦金托什/尼古拉斯·罗尔/维尼·琼斯/蓝尼·麦克林/P.H.莫里亚蒂/弗兰克·哈珀/史蒂夫·斯威尼/哈吉·利弗/罗尼·福克斯/斯蒂芬·马库斯/瓦斯·布莱克伍德/斯汀/杰克·亚伯拉罕/罗伯·布莱顿/薇拉·黛/阿兰·福德/席德·戈尔德/丹尼·约翰-儒勒/维克多·麦奎尔/安德鲁·蒂曼/马修·沃恩/布拉德·雅各布维茨,剧情/喜剧/犯罪,英国, 英语,1998-08-28(英国),107分钟,9.1,623796,64.1%/29.3%/5.9%/0.5%/0.2%
西西里的美丽传说 Malèna,(2000),朱塞佩·托纳多雷,朱塞佩·托纳多雷/卢恰诺·温琴佐尼,莫妮卡·贝鲁奇/朱塞佩·苏尔法罗/Luciano Federico/玛蒂尔德·皮亚纳/Pietro Notarianni/Gaetano Aronica/Gilberto Idonea/Angelo Pellegrino/Gabriella Di Luzio/Pippo Provvidenti/Maria Terranova/Marcello Catalano/埃丽萨·莫鲁奇/Domenico Gennaro/Vitalba Andrea/Giuseppe Pattavina/Franco Catalano/Daniele Arena/Giovanni Litrico/Gianluca Guarrera,剧情/情色/战争,意大利/美国, 意大利语 / 英语 / 拉丁语 / 古希腊语,2000-10-27(意大利),108分钟,8.9,1020350,55.4%/36.6%/7.4%/0.5%/0.2%
音乐之声 The Sound of Music,(1965),罗伯特·怀斯,乔治·胡达勒克/霍华德·林赛/拉塞尔·克劳斯/恩斯特·莱赫曼/玛丽亚·冯·特拉普,朱莉·安德鲁斯/克里斯托弗·普卢默/埃琳诺·帕克/理查德·海顿/佩吉·伍德/查尔敏·卡尔/希瑟·孟席斯-尤里克/尼古拉斯·哈蒙德/杜安·蔡斯/安吉拉·卡特怀特/黛比·特纳/基姆·卡拉思/安娜·李/波希娅·纳尔逊/本·怀特/丹尼尔·特鲁希特/诺玛·威登/吉尔克里斯特·斯图尔特/马妮·尼克松/埃瓦德妮·贝克/多丽丝·劳埃德/格特鲁德·阿斯特/弗兰克·贝克/史蒂夫·卡鲁瑟斯/山姆·哈里斯/多罗西·吉金斯/利奥达·理查德斯/杰弗里·塞尔/伯纳德·赛尔/诺尔曼·斯蒂凡斯/伯特史蒂文斯/玛丽亚·冯·特拉普,剧情/爱情/歌舞/传记,美国, 英语 / 德语,1965-03-02(美国),174分钟,9.1,631989,62.4%/31.0%/6.1%/0.3%/0.1%
看不见的客人 Contratiempo,(2016),奥里奥尔·保罗,奥里奥尔·保罗,马里奥·卡萨斯/阿娜·瓦格纳/何塞·科罗纳多/巴巴拉·莱涅/弗兰塞斯克·奥雷利亚/帕科·图斯/大卫·塞尔瓦斯/伊尼戈·加斯特西/圣·耶拉莫斯/马内尔·杜维索/布兰卡·马丁内斯/佩雷·布拉索/霍尔迪·布鲁内特/鲍比·冈萨雷斯/玛蒂娜·乌尔塔多,剧情/悬疑/惊悚/犯罪,西班牙, 西班牙语,2017-09-15(中国大陆)/2016-09-23(奇幻电影节)/2017-01-06(西班牙),106分钟,8.8,1334898,48.7%/41.6%/9.1%/0.5%/0.1%
哈利·波特与死亡圣器(下) Harry Potter and the Deathly Hallows: Part 2,(2011),大卫·叶茨,史蒂夫·克洛夫斯/J·K·罗琳,丹尼尔·雷德克里夫/艾玛·沃森/鲁伯特·格林特/海伦娜·伯翰·卡特/拉尔夫·费因斯/艾伦·瑞克曼/玛吉·史密斯/汤姆·费尔顿/邦妮·怀特/朱丽·沃特斯/迈克尔·刚本/伊文娜·林奇/多姆纳尔·格里森/克蕾曼丝·波西/詹森·艾萨克/海伦·麦克洛瑞/马修·刘易斯/梁佩诗/约翰·赫特/大卫·休里斯/加里·奥德曼/吉姆·布劳德本特/艾玛·汤普森/娜塔丽·特纳/蒂莫西·斯波/大卫·布拉德利/罗彼·考特拉尼/凯莉·麦克唐纳/塞伦·希德,奇幻/冒险,美国/英国, 英语,2011-08-04(中国大陆)/2011-07-15(美国),130分钟,9.0,876972,59.5%/31.6%/8.2%/0.6%/0.2%
阿凡达 Avatar,(2009),詹姆斯·卡梅隆,詹姆斯·卡梅隆,萨姆·沃辛顿/佐伊·索尔达娜/西格妮·韦弗/史蒂芬·朗/米歇尔·罗德里格兹/吉奥瓦尼·瑞比西/乔·大卫·摩尔 /希·庞德/韦斯·斯塔迪/拉兹·阿隆索/迪利普·劳/马特·杰拉德/肖恩·安东尼·莫兰/杰森·怀特/斯科特·劳伦斯/凯利·基尔戈/詹姆斯·皮特/肖恩·帕特里克·墨菲/彼得·狄龙/凯文·多曼/凯尔森·亨德森/大卫·范·霍恩/雅克布·托毛里/Julene Renee/卢克·霍克/伍迪·舒尔茨/彼得·门萨/伊拉姆·崔/黛布拉·威尔逊/Chris Mala/马修张伯伦/詹姆斯·盖林/拉斯科·阿特金斯/Jørn Benzon/罗文·贝特杰曼/Robert Catto/罗德尼·库克/Nicole Dionne/安东尼·英格鲁伯/蒂姆·卡诺/卡米尔·基南/迪恩·诺斯利/Emma Law,动作/科幻/冒险,美国, 英语 / 西班牙语,2010-01-04(中国大陆)/2021-03-12(中国大陆重映)/2022-12-12(中国大陆重映)/2009-12-18(美国),162分钟,8.8,1478253,54.2%/34.9%/9.9%/0.8%/0.3%
拯救大兵瑞恩 Saving Private Ryan,(1998),史蒂文·斯皮尔伯格,罗伯特·罗达特,汤姆·汉克斯/汤姆·塞兹摩尔/爱德华·伯恩斯/巴里·佩珀/亚当·戈德堡/范·迪塞尔/吉奥瓦尼·瑞比西/杰瑞米·戴维斯/马特·达蒙/特德·丹森/保罗·吉亚玛提/丹尼斯·法里纳/马克斯·马蒂尼/丹兰·布鲁诺/丹尼尔·切尔奎拉/迪米特里·格里特萨斯/史蒂夫·格里芬/彼得·迈尔斯/亚当·肖/罗尔夫·萨克森/克里·约翰逊/洛克兰·艾肯/尚恩·约翰逊/莱尔德·曼辛托斯/安德鲁·斯科特/马修·夏普/文森特·沃尔什/约翰·沙拉恩/马丁·哈伯/罗非洛·迪格托勒/恩里奇·雷德曼/米歇尔·埃文斯/内森·菲利安/利兰·奥瑟/大卫·维格/瑞恩·赫斯特/哈威·普雷斯内尔/代尔·戴/布莱恩·克兰斯顿/大卫·沃尔/埃里克·罗兰/哈里逊·杨/凯思琳·拜荣/约翰·德·兰西/詹姆斯·恩布里/德里克·李/若昂·科斯塔·梅内塞斯/马克·施泰因迈尔,剧情/战争,美国, 英语 / 法语 / 德语 / 捷克语,1998-11-13(中国大陆)/1998-07-24(美国),169分钟,9.1,675876,60.4%/32.8%/6.2%/0.4%/0.2%
飞越疯人院 One Flew Over the Cuckoo's Nest,(1975),米洛斯·福尔曼,劳伦斯·奥邦/博·古德曼/肯·凯西/达尔·瓦瑟曼,杰克·尼科尔森/丹尼·德维托/克里斯托弗·洛伊德/路易丝·弗莱彻/威尔·萨姆森/特德·马克兰德/布拉德·道里夫/斯加特曼·克罗索斯/迈克尔·贝里曼/彼得·布罗科/穆瓦科·卡姆布卡/威廉·达尔/乔西普·艾利克/西德尼·拉斯克/凯·李/德怀特·马费尔德/路易莎·莫里茨/威廉·雷德菲尔德/菲利普·罗斯/米米·萨奇席恩/文森特·斯卡维利/米斯·斯马尔/德罗斯·V·史密斯,剧情,美国, 英语,1975-11-19(美国),133分钟,9.1,568691,63.5%/29.8%/6.0%/0.5%/0.2%
小鞋子 بچه های آسمان,(1997),马基德·马基迪,马基德·马基迪,默罕默德·阿米尔·纳吉/法拉赫阿米尔·哈什米安/巴哈丽·西迪奇/纳菲丝·贾法-穆罕默迪/费雷什特·萨拉班迪/Dariush Mokhtari/克里斯托弗·马利基,剧情/家庭/儿童,伊朗, 波斯语,1997-02-01(曙光旬国际电影节)/1999-01-22(美国),89分钟,9.2,430049,67.0%/28.4%/4.2%/0.2%/0.1%
功夫,(2004),周星驰,曾瑾昌/陈文强/周星驰/霍昕,周星驰/元秋/元华/黄圣依/梁小龙/陈国坤/田启文/林子聪/林雪/冯克安/释彦能/冯小刚/袁祥仁/张一白/赵志凌/董志华/何文辉/陈凯师/贾康熙/林子善/任珈锐/王仕颖,喜剧/动作/犯罪/奇幻,中国大陆/中国香港, 粤语 / 汉语普通话 / 手语,2004-12-23(中国大陆/中国香港)/2015-01-15(中国大陆3D)/2004-09-14(多伦多电影节),100分钟(3D重映),8.8,1206927,54.5%/34.2%/10.3%/0.8%/0.2%
沉默的羔羊 The Silence of the Lambs,(1991),乔纳森·戴米,托马斯·哈里斯/泰德·塔里,朱迪·福斯特/安东尼·霍普金斯/斯科特·格伦/安东尼·希尔德/布鲁克·史密斯/卡斯·莱蒙斯/弗兰基·费森/泰德·拉文/崔西·沃特/丹·巴特勒/达拉,剧情/惊悚/犯罪,美国, 英语,1991-02-14(美国),118分钟,8.9,935917,54.5%/37.3%/7.5%/0.4%/0.1%
布达佩斯大饭店 The Grand Budapest Hotel,(2014),韦斯·安德森,韦斯·安德森/雨果·吉尼斯/斯蒂芬·茨威格,拉尔夫·费因斯/托尼·雷沃罗利/阿德里安·布罗迪/威廉·达福/裘德·洛/爱德华·诺顿/西尔莎·罗南/蒂尔达·斯文顿/比尔·默瑞/蕾雅·赛杜/欧文·威尔逊/詹森·舒瓦兹曼/马修·阿马立克/F·默里·亚伯拉罕/汤姆·威尔金森/杰夫·高布伦/哈威·凯特尔,剧情/喜剧/冒险,美国/德国/英国, 英语 / 法语 / 德语,2014-02-06(柏林电影节)/2014-03-28(美国),99分钟,8.9,994094,55.1%/35.9%/8.1%/0.7%/0.2%
禁闭岛 Shutter Island,(2010),马丁·斯科塞斯,莱塔·卡罗格里迪斯/丹尼斯·勒翰,莱昂纳多·迪卡普里奥/马克·鲁弗洛/本·金斯利/马克斯·冯·叙多夫/米歇尔·威廉姆斯/艾米莉·莫迪默/派翠西娅·克拉克森/杰基·厄尔·哈利/泰德·拉文/约翰·卡洛·林奇/伊莱亚斯·科泰斯/罗宾·巴特利特/克里斯托弗·邓汉/约瑟夫·斯科拉,剧情/悬疑/惊悚,美国, 英语 / 德语,2010-02-13(柏林电影节)/2010-02-19(美国),138 分钟,8.9,1027712,52.5%/39.2%/7.7%/0.5%/0.1%
蝴蝶效应 The Butterfly Effect,(2004),埃里克·布雷斯,J·麦基·格鲁伯/埃里克·布雷斯,阿什顿·库彻/梅洛拉·沃尔特斯/艾米·斯马特/埃尔登·汉森/威廉姆·李·斯科特/约翰·帕特里克·阿梅多利/艾琳·戈洛瓦娅/凯文·G·施密特/杰西·詹姆斯/罗根·勒曼/莎拉·威多斯/杰克·凯斯/卡梅隆·布莱特/埃里克·斯托尔兹/考乐姆·吉斯·雷尼/凯文·杜兰,剧情/科幻/悬疑/惊悚,美国/加拿大, 英语,2004-01-23(美国),113分钟,8.9,983517,53.7%/37.5%/8.1%/0.6%/0.1%
哈利·波特与阿兹卡班的囚徒 Harry Potter and the Prisoner of Azkaban,(2004),阿方索·卡隆,史蒂夫·克洛夫斯/J·K·罗琳,丹尼尔·雷德克里夫/艾玛·沃森/鲁伯特·格林特/加里·奥德曼/朱丽·沃特斯/邦妮·怀特/大卫·休里斯/迈克尔·刚本/艾伦·瑞克曼/玛吉·史密斯/汤姆·费尔顿/艾玛·汤普森/朱莉·克里斯蒂/蒂莫西·斯波,奇幻/冒险,英国/美国, 英语,2004-09-10(中国大陆)/2004-05-31(英国),141 分钟,9.0,780654,56.9%/34.6%/8.0%/0.4%/0.1%
致命魔术 The Prestige,(2006),克里斯托弗·诺兰,乔纳森·诺兰/克里斯托弗·诺兰/克里斯多夫·普利斯特,休·杰克曼/克里斯蒂安·贝尔/迈克尔·凯恩/丽贝卡·豪尔/斯嘉丽·约翰逊/大卫·鲍伊/安迪·瑟金斯/派珀·佩拉博/萨曼塔·马霍林/丹尼尔·戴维斯/吉姆·皮多克/克里斯托弗·尼姆/马克·瑞安/罗杰·里斯/杰米·哈里斯/罗恩·帕金斯/瑞奇·杰/安东尼·德·马克/冀朝理,剧情/悬疑/惊悚,英国/美国, 英语,2006-10-17(罗马电影节)/2006-10-20(美国),130分钟,8.9,899485,54.4%/37.0%/7.8%/0.6%/0.2%
心灵捕手 Good Will Hunting,(1997),格斯·范·桑特,本·阿弗莱克/马特·达蒙,马特·达蒙/罗宾·威廉姆斯/本·阿弗莱克/斯特兰·斯卡斯加德/明妮·德里弗/卡西·阿弗莱克/科尔·豪瑟/约翰·迈顿/丹·华盛顿/艾莉森·福兰德/维克·萨海/史蒂文·科兹洛夫斯基/斯科特·威廉姆·文特斯/吉米·弗林/乔治·普林普顿/弗朗切斯科·克莱门特,剧情,美国, 英语,1997-12-05(美国),126分钟,9.0,753510,56.2%/35.9%/7.2%/0.5%/0.1%
超脱 Detachment,(2011),托尼·凯耶,卡尔·隆德,阿德里安·布罗迪/马西娅·盖伊·哈登/詹姆斯·肯恩/克里斯蒂娜·亨德里克斯/刘玉玲/布莱思·丹纳/蒂姆·布雷克·尼尔森/威廉·彼德森/布莱恩·克兰斯顿/萨米·盖尔/路易斯·佐里奇/小伊塞亚·维特洛克/大卫·豪森/约翰·塞纳迭姆博/西莉亚·奥/罗南·鲁宾斯坦/阿尔·卡尔德隆/布雷南·布朗/里根·利奥纳德/詹姆斯·霍西/乔什·帕斯/瑞内·菲利斯·史密斯/道格·伊·道格/帕特里夏·雷/萨曼萨·罗根/拉尔夫·罗德里格斯,剧情,美国, 英语,2011-04-25(翠贝卡电影节),98分钟,9.0,648066,59.3%/32.5%/7.3%/0.7%/0.2%
低俗小说 Pulp Fiction,(1994),昆汀·塔伦蒂诺,昆汀·塔伦蒂诺/罗杰·阿夫瑞,约翰·特拉沃尔塔/乌玛·瑟曼/阿曼达·普拉莫/蒂姆·罗斯/塞缪尔·杰克逊/菲尔·拉马/布鲁斯·威利斯/弗兰克·威利/布尔·斯蒂尔斯/文·瑞姆斯/劳拉·拉芙蕾丝/保罗·考尔德伦/布罗娜·加拉赫/罗姗娜·阿奎特/埃里克·斯托尔兹/玛丽亚·德·梅黛洛,剧情/喜剧/犯罪,美国, 英语 / 西班牙语 / 法语,1994-05-12(戛纳电影节)/1994-10-14(美国),154分钟,8.9,878125,55.5%/34.7%/8.7%/0.8%/0.3%
摩登时代 Modern Times,(1936),查理·卓别林,查理·卓别林,查理·卓别林/宝莲·高黛/亨利·伯格曼/蒂尼·桑福德/切斯特·康克林/汉克·曼/斯坦利·布莱斯通/阿尔·欧内斯特·加西亚/理查德·亚历山大/塞西尔·雷诺兹/米拉·麦金尼/默多克·麦夸里/威尔弗雷德·卢卡斯/爱德华·勒桑/弗雷德·马拉泰斯塔/萨米·斯坦/特德·奥利弗/诺曼·安斯利/博比·巴伯/海尼·康克林/格洛丽亚·德黑文/帕特·弗莱厄蒂/弗兰克·哈格尼/帕特·哈蒙/劳埃德·英格拉哈姆/沃尔特·詹姆斯/爱德华·金博尔/杰克·洛/巴迪·梅辛杰/布鲁斯·米切尔/弗兰克·莫兰/詹姆斯·C·莫顿/路易·纳托/J·C·纽金特/拉斯·鲍威尔/约翰兰德/哈里·威尔逊,剧情/喜剧/爱情,美国, 英语,1936-02-25(美国),87分钟,9.3,318015,71.1%/24.8%/3.7%/0.2%/0.1%
春光乍泄 春光乍洩,(1997),王家卫,王家卫,张国荣/梁朝伟/张震/格利高里·戴顿,剧情/爱情/同性,中国香港/日本/韩国, 粤语 / 汉语普通话 / 西班牙语,1997-05-30(中国香港)/1997-05-17(戛纳电影节),96分钟,9.0,662062,58.1%/33.5%/7.5%/0.6%/0.3%
海豚湾 The Cove,(2009),路易·西霍尤斯,马克·蒙雷,路易·西霍尤斯/瑞克·欧贝瑞/哈迪·琼斯/保罗·沃森/森下丈二/罗杰·S·佩恩/迈克尔·伊利夫/伊恩·坎贝尔/道格·德马斯特/戴夫·拉斯托维奇/查尔斯·汉柏顿/桜井速人/曼迪-蕾·克鲁克香克/柯克·克雷克/约翰·波特/汉娜·墨尔买德/杰夫·潘图克霍夫/伊莎贝尔·卢卡斯/海顿·潘妮蒂尔,纪录片,美国, 英语 / 日语,2009-07-31(美国),92分钟,9.3,366967,71.6%/22.7%/4.8%/0.5%/0.4%
喜剧之王 喜劇之王,(1999),周星驰,曾瑾昌/周星驰/李敏/郑文辉/冯勉恒/梁嘉杰,周星驰/张柏芝/莫文蔚/吴孟达/林子善/田启文/李兆基/成龙/李思捷/郑文辉,剧情/喜剧/爱情,中国香港, 粤语,1999-02-13(中国香港),89分钟,8.8,1013456,52.0%/38.1%/9.1%/0.6%/0.1%
美国往事 Once Upon a Time in America,(1984),赛尔乔·莱昂内,皮耶罗·德·贝纳迪/莱奥纳多·本韦努蒂/弗兰科·奥卡利/恩里科·梅迪欧力/弗兰科·费里尼/赛尔乔·莱昂内,罗伯特·德尼罗/詹姆斯·伍兹/伊丽莎白·麦戈文/乔·佩西/伯特·杨/塔斯黛·韦尔德/特里特·威廉斯/丹尼·爱罗/理查德·布赖特/詹姆斯·海登/威廉·弗西斯/达兰妮·弗鲁格/拉里·拉普/理查德·弗让吉/罗伯特·哈珀/詹妮弗·康纳利,剧情/犯罪,美国/意大利, 英语 / 法语 / 意大利语,1984-02-17(波士顿首映)/1984-09-28(意大利),229分钟(导演剪辑版),9.2,433005,65.8%/27.3%/5.9%/0.6%/0.3%
致命ID Identity,(2003),詹姆斯·曼高德,迈克尔·库尼,约翰·库萨克/雷·利奥塔/阿曼达·皮特/约翰·浩克斯/阿尔弗雷德·莫里纳/克里·杜瓦尔/约翰·C·麦金雷/威廉姆·李·斯科特/杰克·布塞/普路特·泰勒·文斯/瑞贝卡·德·莫妮/卡门·阿尔根齐亚诺/马绍尔·贝尔/莱拉·肯泽尔/马特·莱斯切尔/布莱特·罗尔/霍尔姆斯·奥斯本/弗雷德里克·科芬/乔·哈特/迈克尔·赫希/泰伦斯·伯尼·海恩斯,剧情/悬疑/惊悚,美国, 英语,2003-04-25(美国),90分钟,8.9,869897,52.7%/38.7%/7.9%/0.6%/0.2%
杀人回忆 살인의 추억,(2003),奉俊昊,奉俊昊/沈成宝/金光林,宋康昊/金相庆/金雷夏/宋在浩/边希峰/高瑞熙/柳泰浩/朴努植/朴海日/全美善/徐永嬅/崔钟律/刘承睦/申贤宗/李在应/郑仁仙/吴龙/朴真宇/朴泰京/沈成宝,剧情/动作/悬疑/惊悚/犯罪,韩国, 韩语 / 英语,2003-05-02(韩国),132分钟,8.9,760083,54.6%/37.2%/7.5%/0.6%/0.2%
哈利·波特与密室 Harry Potter and the Chamber of Secrets,(2002),克里斯·哥伦布,史蒂夫·克洛夫斯/J·K·罗琳,丹尼尔·雷德克里夫/艾玛·沃森/鲁伯特·格林特/汤姆·费尔顿/理查德·格雷弗斯/费奥纳·肖/托比·琼斯/朱丽·沃特斯/邦妮·怀特/詹森·艾萨克/肯尼思·布拉纳/艾伦·瑞克曼/理查德·哈里斯/玛吉·史密斯/约翰·克里斯/肖恩·比格斯代夫/克里斯·兰金/克里斯蒂安·库尔森,奇幻/冒险,英国/美国, 英语,2003-01-24(中国大陆)/2002-11-15(英国/美国),161分钟,8.9,807936,53.6%/37.2%/8.7%/0.4%/0.1%
红辣椒 パプリカ,(2006),今敏,水上清资/今敏/筒井康隆,林原惠美/江守彻/堀胜之祐/古谷彻/大塚明夫/山寺宏一/田中秀幸/兴梠里美/岩田光央/爱河里花子/川濑晶子/太田真一郎/福松进纱/胜杏里/宫下荣治/三户耕三/今敏/筒井康隆,科幻/动画/悬疑/惊悚,日本, 日语,2006-09-02(威尼斯电影节)/2006-11-25(日本),90 分钟,9.1,501565,61.9%/30.1%/7.0%/0.7%/0.3%
加勒比海盗 Pirates of the Caribbean: The Curse of the Black Pearl,(2003),戈尔·维宾斯基,泰德·艾略特/特里·鲁西奥/斯图尔特·贝亚蒂耶/杰·沃尔伯特,约翰尼·德普/杰弗里·拉什/奥兰多·布鲁姆/凯拉·奈特莉/杰克·达文波特/乔纳森·普雷斯,动作/奇幻/冒险,美国, 英语,2003-11-21(中国大陆)/2003-07-09(美国),143 分钟,8.8,899685,51.8%/38.8%/8.8%/0.5%/0.1%
七宗罪 Se7en,(1995),大卫·芬奇,安德鲁·凯文·沃克,摩根·弗里曼/布拉德·皮特/凯文·史派西/格温妮斯·帕特洛/安德鲁·凯文·沃克/约翰·卡西尼/雷格·E·凯蒂/李·厄米,剧情/悬疑/惊悚/犯罪,美国, 英语,1995-09-22(美国),127分钟,8.8,980198,50.9%/39.3%/9.0%/0.6%/0.2%
一一,(2000),杨德昌,杨德昌,吴念真/李凯莉/金燕玲/张洋洋/萧淑慎/尾形一成/陈希圣/林孟瑾/陈以文/柯宇纶/张育邦/柯素云/唐如韫/徐淑媛/曾心怡/陶传正,剧情/爱情/家庭,中国台湾/日本, 汉语普通话 / 闽南语 / 英语 / 日语,2017-07-28(中国台湾)/2000-05-14(戛纳电影节)/2000-12-16(日本),173分钟,9.1,429448,65.9%/26.2%/6.8%/0.8%/0.4%
狩猎 Jagten,(2012),托马斯·温特伯格,托马斯·温特伯格/托比亚斯·林道赫姆,麦斯·米科尔森/托玛斯·博·拉森/安妮卡·韦德科普/拉丝·弗格斯托姆/苏西·沃德/亚历山德拉·拉帕波特/布贾内·亨里克森/安妮·路易丝·哈辛/拉斯·兰特,剧情,丹麦/瑞典, 丹麦语 / 英语 / 波兰语,2012-05-20(戛纳电影节)/2013-01-10(丹麦),115分钟,9.1,418390,62.9%/31.0%/5.3%/0.4%/0.4%
唐伯虎点秋香 唐伯虎點秋香,(1993),李力持,李力持/谷德昭/陈文强,周星驰/巩俐/陈百祥/郑佩佩/朱咪咪/梁家仁/苑琼丹/梁荣忠/黄一山/黄霑/吴镇宇/刘家辉/蓝洁瑛/谷德昭/陈辉虹/李健仁/宣萱/温翠苹,喜剧/爱情/古装,中国香港, 粤语,1993-07-01(中国香港),102 分钟,8.7,1132610,48.6%/40.6%/10.2%/0.6%/0.1%
7号房的礼物 7번방의 선물,(2013),李焕庆,李焕庆/刘英雅,柳承龙/朴信惠/郑镇荣/金正泰/吴达洙/朴元尚/郑满植/葛素媛,剧情/喜剧/家庭,韩国, 韩语,2013-01-23(韩国),127分钟,8.9,581767,57.6%/33.5%/7.9%/0.8%/0.3%
被嫌弃的松子的一生 嫌われ松子の一生,(2006),中岛哲也,中岛哲也/山田宗树,中谷美纪/永山瑛太/香川照之/市川实日子/伊势谷友介/柄本明/黑泽明日香/荒川良良/柴崎幸/土屋安娜/奥之矢佳奈/谷原章介/武田真治/片平渚/宫藤官九郎/角野卓造/田中要次/木村凯拉/谷中敦/剧团一人,剧情/歌舞,日本, 日语,2006-05-27(日本),130 分钟,8.8,730821,55.3%/33.9%/9.2%/1.1%/0.5%
蝙蝠侠：黑暗骑士崛起 The Dark Knight Rises,(2012),克里斯托弗·诺兰,大卫·S·高耶/乔纳森·诺兰/克里斯托弗·诺兰,克里斯蒂安·贝尔/汤姆·哈迪/安妮·海瑟薇/约瑟夫·高登-莱维特/玛丽昂·歌迪亚/加里·奥德曼/迈克尔·凯恩/摩根·弗里曼/朱诺·坦普尔/乔什·平茨/丹尼尔·逊亚塔/内斯特·卡博内尔/伯恩·戈曼/连姆·尼森/乔伊·金/艾丹·吉伦/基里安·墨菲/乔什·斯图沃特/马修·莫迪恩/本·门德尔森,剧情/动作/科幻/惊悚/犯罪,美国/英国, 英语 / 阿拉伯语,2012-08-27(中国大陆)/2012-07-20(美国),165分钟,8.9,757116,53.9%/36.1%/9.0%/0.7%/0.2%
甜蜜蜜,(1996),陈可辛,岸西,黎明/张曼玉/杨恭如/曾志伟/杜可风/张同祖/诸慧荷/丁羽,剧情/爱情,中国香港, 粤语 / 汉语普通话 / 英语,2015-02-13(中国大陆)/1996-11-02(中国香港),118分钟(中国大陆),8.9,599878,55.1%/36.5%/7.7%/0.5%/0.2%
爱在黎明破晓前 Before Sunrise,(1995),理查德·林克莱特,理查德·林克莱特/金·克里桑,伊桑·霍克/朱莉·德尔佩/安德莉亚·埃克特/汉诺·波西尔/卡尔·布拉克施魏格尔/特克斯·鲁比诺威茨/埃尔尼·曼戈尔德/多米尼克·卡斯特尔/海蒙·玛丽亚·巴汀格/哈拉尔德·魏格莱因/汉斯·魏因加特纳/彼得·艾利·休默/休伯特·法比安·库尔特勒/约翰·斯洛斯/克里斯蒂安·安科维奇/亚当·戈德堡/保罗·波伊特,剧情/爱情,美国/奥地利/瑞士, 英语 / 德语 / 法语,1995-01-27(美国),101分钟,8.8,723372,54.5%/34.5%/9.7%/1.0%/0.3%
请以你的名字呼唤我 Call Me by Your Name,(2017),卢卡·瓜达尼诺,詹姆斯·伊沃里/安德烈·艾席蒙,艾米·汉莫/提莫西·查拉梅/迈克尔·斯图巴/阿蜜拉·卡萨/艾斯特·加瑞尔/维克图瓦尔·杜布瓦/旺妲·卡布里奥罗/安东尼奥·里莫尔迪/埃琳娜·布奇/马可·斯格罗索/安德烈·艾席蒙/彼得·斯皮尔斯,剧情/爱情/同性,意大利/法国/巴西/美国, 英语 / 意大利语 / 法语 / 德语 / 希伯来语,2017-01-22(圣丹斯电影节)/2017-11-24(美国)/2018-01-25(意大利),132分钟,8.8,760893,55.4%/33.2%/9.7%/1.1%/0.5%
第六感 The Sixth Sense,(1999),M·奈特·沙马兰,M·奈特·沙马兰,布鲁斯·威利斯/海利·乔·奥斯蒙/托妮·科莱特/奥莉维亚·威廉姆斯/唐尼·沃尔伯格/特拉沃·摩根/彼得·安东尼·唐伯蒂斯/格伦·菲茨杰拉德/米莎·巴顿/Lisa Summerour/法尔德斯·巴姆/杰弗里·泽布尼斯,剧情/悬疑/惊悚,美国, 英语 / 拉丁语 / 西班牙语,1999-08-06(美国),107分钟,8.9,584415,54.7%/37.2%/7.5%/0.5%/0.1%
超能陆战队 Big Hero 6,(2014),唐·霍尔,乔丹·罗伯茨/丹尼尔·吉尔森/罗伯特·L·贝尔德,斯科特·安第斯/瑞恩·波特/丹尼尔·海尼/T·J·米勒/郑智麟/小达蒙·韦恩斯/珍尼希斯·罗德里格兹/詹姆斯·克伦威尔/艾伦·图代克/玛娅·鲁道夫/亚布拉哈姆·本鲁比/凯蒂·洛斯/比利·布什/丹尼尔·吉尔森/保罗·布里格斯,喜剧/动作/科幻/动画/冒险,美国, 英语,2015-02-28(中国大陆)/2020-07-31(中国大陆重映)/2014-10-23(东京电影节)/2014-11-07(美国),102分钟,8.7,1063898,48.9%/40.5%/9.9%/0.6%/0.1%
入殓师 おくりびと,(2008),泷田洋二郎,小山薰堂,本木雅弘/广末凉子/山崎努/吉行和子/笹野高史/余贵美子,剧情,日本, 日语,2021-10-29(中国大陆)/2008-08-23(蒙特利尔电影节)/2008-09-13(日本),130分钟,8.9,698089,53.2%/37.7%/8.4%/0.6%/0.2%
重庆森林 重慶森林,(1994),王家卫,王家卫,林青霞/金城武/梁朝伟/王菲/周嘉玲,剧情/爱情,中国香港, 粤语 / 汉语普通话 / 英语 / 印地语 / 日语,1994-07-14(中国香港),102分钟,8.8,852982,51.3%/37.8%/9.8%/0.8%/0.3%
断背山 Brokeback Mountain,(2005),李安,拉里·麦克穆特瑞/黛安娜·奥撒纳/安妮·普鲁,希斯·莱杰/杰克·吉伦哈尔/米歇尔·威廉姆斯/安妮·海瑟薇/凯特·玛拉/兰迪·奎德/琳达·卡德里尼/安娜·法瑞丝/格拉汉姆·贝克尔/斯科特·迈克尔·坎贝尔/大卫·哈伯/罗伯塔·马克斯韦尔/皮特·麦克罗比/夏恩·希尔/布鲁克琳·普劳克斯/杰克·丘奇,剧情/爱情/同性/家庭,美国/加拿大, 英语,2005-09-02(威尼斯电影节)/2006-01-06(加拿大)/2006-01-13(美国),134分钟,8.8,733634,53.8%/35.6%/9.6%/0.7%/0.3%
剪刀手爱德华 Edward Scissorhands,(1990),蒂姆·波顿,蒂姆·波顿/卡罗琳·汤普森,约翰尼·德普/薇诺娜·瑞德/黛安·韦斯特/安东尼·迈克尔·豪尔/凯西·贝克/罗伯特·奥利维里/康查塔·费雷尔/卡罗琳·阿隆/迪克·安东尼·威廉姆斯/澳澜·琼斯/文森特·普莱斯/艾伦·阿金/苏珊·布洛马特/约翰·戴维森/布莱恩·拉肯/Victoria Price/Stuart Lancaster/Gina Gallagher/阿隆·鲁斯汀/阿兰·弗吉/史蒂文·布里尔/Peter Palmer/马克·麦考利/唐娜·派洛尼/Ken DeVaul/Kathy Dombo/Tabetha Thomas/尼克·卡特,剧情/爱情/奇幻,美国, 英语,1990-12-06(美国),105分钟,8.7,1069043,48.4%/39.8%/10.7%/0.8%/0.2%
幽灵公主 もののけ姫,(1997),宫崎骏,宫崎骏,松田洋治/石田百合子/田中裕子/小林薰/西村雅彦/上条恒彦/岛本须美/渡边哲/佐藤允/名古屋章/美轮明宏/森光子/森繁久弥,动画/奇幻/冒险,日本, 日语,1997-07-12(日本),134分钟,8.9,551312,56.3%/34.9%/8.1%/0.5%/0.1%
勇敢的心 Braveheart,(1995),梅尔·吉布森,兰道尔·华莱士,梅尔·吉布森/苏菲·玛索/布莱恩·考克斯/詹姆斯·科兹莫/辛·劳洛/凯瑟琳·麦克马克/安古斯·麦克菲登,剧情/动作/传记/历史/战争,美国, 英语 / 法语 / 拉丁语 / 苏格兰盖尔语,1995-05-18(西雅图电影节)/1995-05-24(美国),178分钟,8.9,575694,56.4%/34.1%/8.6%/0.7%/0.2%
寄生虫 기생충,(2019),奉俊昊,奉俊昊/韩珍元,宋康昊/李善均/曹汝贞/崔宇植/朴素丹/李姃垠/张慧珍/郑知晓/朴明勋/朴叙俊/朴根禄/郑贤俊/朴孝新/安德烈亚斯·弗龙克,剧情,韩国, 韩语 / 英语,2019-05-21(戛纳电影节)/2019-05-30(韩国),132分钟,8.8,1437493,49.9%/41.3%/8.0%/0.6%/0.3%
爱在日落黄昏时 Before Sunset,(2004),理查德·林克莱特,理查德·林克莱特/朱莉·德尔佩/伊桑·霍克/金·克里桑,伊桑·霍克/朱莉·德尔佩/弗农·多布切夫/路易丝·勒莫瓦纳·托雷斯/罗多尔·保利/玛丽安·普莱施泰格/迪亚博洛/丹尼·弗拉/艾伯特·德尔佩/玛丽·佩里,剧情/爱情,美国/法国, 英语 / 法语,2004-02-10(柏林电影节)/2004-07-30(美国),80 分钟,8.9,593764,56.2%/34.0%/8.7%/0.8%/0.3%
菊次郎的夏天 菊次郎の夏,(1999),北野武,北野武,北野武/关口雄介/岸本加世子/吉行和子/细川典江/大家由祐子/磨赤儿/铃木忠幸/井手博士/今村鼠/兼子二郎/田中要次/小岛可奈子,剧情/喜剧,日本, 日语,2020-09-25(中国大陆)/1999-05-20(戛纳电影节)/1999-06-05(日本),121分钟,8.9,624773,54.5%/35.9%/8.6%/0.8%/0.2%
借东西的小人阿莉埃蒂 借りぐらしのアリエッティ,(2010),米林宏昌,宫崎骏/丹羽圭子/玛丽·诺顿,志田未来/神木隆之介/树木希林/三浦友和/大竹忍/竹下景子/藤原龙也,动画/奇幻/冒险,日本, 日语,2010-07-17(日本),94分钟,8.9,582457,54.1%/37.6%/7.9%/0.4%/0.1%
消失的爱人 Gone Girl,(2014),大卫·芬奇,吉莉安·弗琳,本·阿弗莱克/裴淳华/尼尔·帕特里克·哈里斯/凯莉·库恩/泰勒·派瑞/金·迪肯斯/米西·派勒/波伊德·霍布鲁克/艾米丽·拉塔科斯基/雪拉·渥德/派屈克·福吉特/斯科特·麦克纳里/凯西·威尔逊/李·诺里斯,剧情/悬疑/惊悚/犯罪,美国, 英语,2014-09-26(纽约电影节)/2014-10-03(美国),149分钟,8.7,1001588,47.7%/42.7%/8.8%/0.6%/0.2%
无人知晓 誰も知らない,(2004),是枝裕和,是枝裕和,柳乐优弥/北浦爱/木村飞影/清水萌萌子/韩英惠/江原由希子/串田和美/冈元夕纪子/楯隆子/加濑亮/村野友希/田中庆太/木村佑一/远藤宪一/寺岛进/平泉成,剧情,日本, 日语,2004-05-13(戛纳电影节)/2004-08-07(日本),141分钟,9.1,340112,62.5%/31.9%/5.0%/0.4%/0.2%
未麻的部屋 Perfect Blue,(1997),今敏,村井贞之/竹内义和,岩男润子/松本梨香/辻亲八/大仓正章/秋元羊介/盐屋翼/堀秀行/筱原惠美/江原正士/梁田清之/古泽彻/新山志保/古川惠实子/原亚弥/三木真一郎/山野井仁/田野惠/长嶝高士/陶山章央/细井治/远近孝一/本井英美/保志总一朗/谷山纪章/北野诚/南香织/商店一野,动画/惊悚/奇幻,日本, 日语,1997-08-05(加拿大奇幻电影节)/1998-02-28(日本),81 分钟,9.1,369909,62.1%/31.0%/6.1%/0.5%/0.2%
阳光灿烂的日子,(1994),姜文,姜文/王朔,夏雨/宁静/陶虹/耿乐/斯琴高娃/冯小刚/刘小宁/姜文/王学圻/王朔/尚楠/方化/代少波/王海/姚二嘎/吴淑昆/左小青/韩冬/孙靖/刘斌/张维/杨彤林/王海/王福/胡贝贝/高保成/吴淑琨/张华/二勇/烈子/陈伟,剧情/爱情,中国大陆/中国香港, 汉语普通话,1995-08-21(中国大陆)/1995-06-28(中国香港)/1994-09-09(威尼斯电影节),134分钟(中国大陆),8.8,642200,52.7%/38.0%/8.5%/0.6%/0.2%
时空恋旅人 About Time,(2013),理查德·柯蒂斯,理查德·柯蒂斯,多姆纳尔·格里森/瑞秋·麦克亚当斯/比尔·奈伊/莉迪亚·威尔逊/琳赛·邓肯/理查德·科德里/约书亚·麦圭尔/汤姆·霍兰德尔/玛格特·罗比/维尔·梅里克/凡妮莎·柯比/汤姆·休斯/哈利·海顿-佩顿/米切尔·马伦/丽莎·艾科恩/珍妮·莱恩斯福德/菲利普-沃斯/凯瑟琳·斯戴曼/汤姆·斯托顿/安部春香/李·阿斯奎斯-柯/理查德·班克斯/保罗·布莱克维尔/贝恩·科拉科/格拉姆·柯里/罗薇娜·戴蒙德/约翰·达根/迪诺·法赞尼/内芙·加切夫/理查德·E·格兰特/理查德·格雷弗斯/李·尼古拉斯·哈里斯/理查德·赫德曼/李仙湖/马修·C·马蒂诺/马汀·麦格/艾莉克丝·摩尔,喜剧/爱情/奇幻,英国/美国, 英语,2013-09-04(英国),123分钟,8.8,716372,52.6%/36.5%/9.9%/0.8%/0.2%
完美的世界 A Perfect World,(1993),克林特·伊斯特伍德,约翰·李·汉考克,凯文·科斯特纳/劳拉·邓恩/克林特·伊斯特伍德/T·J·劳瑟/基斯·斯扎拉巴基克,剧情/犯罪,美国, 英语,1993-11-24(美国),138分钟,9.1,332086,63.6%/30.3%/5.5%/0.5%/0.2%
倩女幽魂,(1987),程小东,阮继志,张国荣/王祖贤/午马/刘兆铭/林威/薛芷伦/胡大为/王晶,爱情/奇幻/武侠/古装,中国香港, 粤语,2011-04-30(中国大陆)/1987-07-18(中国香港),96分钟,8.8,768765,49.2%/41.1%/9.2%/0.4%/0.1%
天使爱美丽 Le Fabuleux destin d'Amélie Poulain,(2001),让-皮埃尔·热内,纪尧姆·洛朗/让-皮埃尔·热内,奥黛丽·塔图/马修·卡索维茨/吕菲斯/洛莱拉·克拉沃塔/塞尔·梅林/贾梅尔·杜布兹/克洛蒂尔德·莫莱特/克莱尔·莫里耶/伊莎贝尔·南蒂/多米尼克·皮侬/阿尔蒂斯·德·彭居埃恩/友兰达·梦露/于尔班·康塞利埃/莫里斯·贝尼舒/米歇尔·罗班/安德烈·达芒/克洛德·佩隆/阿尔梅尔/迪基·奥尔加多/凯文·迪亚士/弗洛拉·吉耶/阿莫里·巴博尔/欧仁·贝蒂埃/让·达里/马克·阿米约,剧情/喜剧/爱情,法国/德国, 法语 / 俄语,2001-04-25(法国)/2001-08-16(德国),122分钟,8.7,978944,50.1%/36.7%/11.7%/1.2%/0.3%
小森林 夏秋篇 リトル・フォレスト 夏・秋,(2014),森淳一,森淳一/五十岚大介,桥本爱/三浦贵大/松冈茉优/温水洋一/桐岛加恋,剧情,日本, 日语,2014-08-30(日本),111分钟,9.0,442554,59.3%/32.5%/7.4%/0.6%/0.2%
哈利·波特与火焰杯 Harry Potter and the Goblet of Fire,(2005),迈克·内威尔,史蒂夫·克洛夫斯/J·K·罗琳,丹尼尔·雷德克里夫/艾玛·沃森/鲁伯特·格林特/迈克尔·刚本/玛吉·史密斯/汤姆·费尔顿/蒂莫西·斯波/罗伯特·帕丁森/梁佩诗/大卫·田纳特/马克·威廉姆斯/埃里克·赛克斯/詹姆斯·菲尔普斯/奥利弗·菲尔普斯/邦妮·怀特/克蕾曼丝·波西/加里·奥德曼/杰夫·劳勒/詹森·艾萨克/斯坦尼斯拉夫·雅涅夫斯基/罗伯特·哈迪/阿什莉·阿尔图斯/亚历克斯·帕尔墨/罗格·洛伊德-派克/希拉·艾伦/Su Elliot/大卫·斯特恩/玛格里·梅森/马修·刘易斯/罗彼·考特拉尼/威廉姆·麦灵/大卫·布拉德利/戴文·穆雷/艾芙珊·阿扎德/沃维克·戴维斯/弗朗西斯·德·拉·图瓦/谢发丽·裘德胡里/安吉拉珂·曼蒂/艾伦·瑞克曼/普里德拉格·比耶拉克/Tolga Safer/布莱丹·格里森/阿尔弗雷德·伊诺奇/路易·多伊尔/杰米·威莱特/乔什·赫德曼/夏洛特·斯凯奇/米兰达·理查森/罗伯特·威尔福特/Tiana Benjamin/亨利·劳埃德-休斯/贾维斯·考科尔/强尼·格林伍德/菲尔·塞尔维/史蒂夫·麦基/Jason Buckle/Steve Claydon/雪莉·亨德森/拉尔夫·费因斯/阿德里安·劳林斯/杰拉丁·萨莫维尔/拉斯科·阿特金斯/Jack Bagley/葛蕾·贝拉玛西娜/Paul Davies/Barry Dowden/Natalie Hallam,悬疑/奇幻/冒险,英国/美国, 英语 / 法语,2005-11-18(中国大陆)/2005-11-06(英国),157 分钟,8.8,705288,51.3%/38.2%/9.8%/0.6%/0.1%
侧耳倾听 耳をすませば,(1995),近藤喜文,宫崎骏/柊葵,本名阳子/小林桂树/高山南/高桥一生/山下容莉枝/室井滋/露口茂/饭冢雅弓,剧情/爱情/动画,日本, 日语 / 英语,1995-07-15(日本),111分钟,8.9,486807,56.3%/34.9%/8.2%/0.5%/0.1%
驯龙高手 How to Train Your Dragon,(2010),迪恩·德布洛斯,威廉姆·戴维斯/迪恩·德布洛斯/克里斯·桑德斯/葛蕾熙达·柯维尔,杰伊·巴鲁切尔/杰拉德·巴特勒/克雷格·费格森/亚美莉卡·费雷拉/乔纳·希尔/克里斯托夫·梅兹-普莱瑟/T·J·米勒/克里斯汀·韦格/罗宾·阿特金·唐斯/菲利普·麦格雷德/基隆·埃利奥特/阿什利·詹森/大卫·田纳特,动画/奇幻/冒险,美国, 英语,2010-05-14(中国大陆)/2010-03-18(俄罗斯)/2010-03-26(美国),98分钟,8.8,791751,49.1%/40.9%/9.4%/0.4%/0.1%
幸福终点站 The Terminal,(2004),史蒂文·斯皮尔伯格,安德鲁·尼科尔/萨沙·杰瓦西 /杰夫·内桑森,汤姆·汉克斯/凯瑟琳·泽塔-琼斯/斯坦利·图齐/齐·麦克布赖德/迭戈·卢纳/巴里·沙巴卡·亨利/库玛·帕拉纳/佐伊·索尔达娜/埃迪·琼斯/祖德·塞克利拉/科瑞·雷诺兹/吉列尔莫·迪亚兹/里尼·贝尔/瓦列里·尼古拉耶夫/迈克尔·诺里/鲍勃·莫里西/萨沙·斯皮尔伯格/苏珊·索洛米/卡尔利斯·布克/斯蒂芬·富勒/丹·芬纳蒂/莉迪亚·布兰科/肯尼斯·崔/卡斯·安瓦尔/康拉德·皮拉/杜桑恩·杜基齐/马克·伊瓦涅/Benny Golson/斯科特·安第斯/罗伯特·科瓦吕比亚/Dilva Henry/卡尔艾拉切/哈亚提·阿克巴斯/艾力克斯·伯恩斯/埃莱娜·卡多纳/Dan Chase/查得·R·戴维斯/安东内拉·埃莉亚/Michael Eliopoulos/马斯顿·福布斯/Riad Galayini/杰拉德·加纳/贾斯汀·罗杰斯豪尔/穆罕默德·哈桑/Amber Havens/Ksenia Jarova/巴里·朱利安/Svilena Kidess/Zuzana Monroe/艾丽西亚·奥奇瑟/本杰明·奥切恩格,剧情/喜剧/爱情,美国, 英语 / 保加利亚语 / 西班牙语 / 俄语 / 汉语普通话 / 德语 / 法语,2005-01-14(中国大陆)/2004-06-18(美国),128分钟,8.8,598334,52.2%/38.7%/8.4%/0.6%/0.1%
一个叫欧维的男人决定去死 En man som heter Ove,(2015),汉内斯·赫尔姆,汉内斯·赫尔姆/弗雷德里克·巴克曼,罗夫·拉斯加德/巴哈·帕斯/托比亚斯·阿姆博瑞/菲利普·伯格/安娜-莱娜·布伦丁/博瑞·伦贝里/埃达·英格薇/弗雷德里克·埃弗斯/玛德琳·雅各布松/查特里娜·拉松/杰克尔·法尔斯特伦,剧情,瑞典, 瑞典语 / 波斯语,2015-12-25(瑞典),116分钟,8.9,513617,54.3%/37.6%/7.5%/0.5%/0.1%
教父3 The Godfather: Part III,(1990),弗朗西斯·福特·科波拉,马里奥·普佐/弗朗西斯·福特·科波拉,阿尔·帕西诺/黛安·基顿/塔莉娅·夏尔/安迪·加西亚/埃里·瓦拉赫/乔·曼特纳/乔治·汉密尔顿/布里吉特·方达/索菲亚·科波拉/雷夫·瓦朗/弗兰克·德安布罗西奥/敦尔·当纳利/理查德·布赖特/赫尔穆特·贝格/唐·诺韦洛,剧情/犯罪,美国, 英语 / 意大利语 / 德语 / 拉丁语,1990-12-25(美国),162分钟,9.0,395287,59.9%/32.1%/7.3%/0.5%/0.2%
"怪兽电力公司 Monsters, Inc.",(2001),彼特·道格特,安德鲁·斯坦顿/丹尼尔·吉尔森/罗伯特·L·贝尔德/瑞特·里斯/乔纳森·罗伯特 /彼特·道格特/杰夫·皮金/吉尔·卡尔顿/拉夫·埃格尔斯顿,约翰·古德曼/比利·克里斯托/玛丽·吉布斯/史蒂夫·布西密/詹姆斯·柯本/詹妮弗·提莉/鲍勃·彼德森/约翰·拉森贝格/弗兰克·奥兹/丹尼尔·吉尔森/邦尼·亨特/杰克·安杰尔/塞缪尔·洛德·布莱克/史蒂夫·萨斯坎德,喜剧/动画/儿童/奇幻/冒险,美国, 英语,2001-11-02(美国)/2012-12-19(美国),92分钟,8.8,709647,49.3%/41.0%/9.2%/0.4%/0.1%
茶馆,(1982),谢添,老舍,于是之/郑榕/蓝天野/英若诚/黄宗洛/童超/金昭/林连昆/牛星丽/谭宗尧/童弟/吴淑昆/胡宗温/程中/李大千/李源/李翔/张瞳/任宝贤/尚丽娟/米铁增/田春奎/冯增祥/雷飞/林东升/孟瑾/孙峻峰/平原/曹世骧/王大年/王淑华/张华/丁海涛/朱旭/孙敬修/曹孟浪/何康理,剧情/历史,中国大陆, 汉语普通话,1982(中国大陆),118分钟,9.6,168047,80.8%/16.7%/2.3%/0.2%/0.1%
新世界 신세계,(2013),朴勋政,朴勋政,李政宰/崔岷植/黄政民/宋智孝/朴成雄/金秉玉/金胤成,剧情/犯罪,韩国, 韩语 / 汉语普通话,2013-02-21(韩国),134分钟,8.9,472980,55.3%/36.6%/7.5%/0.5%/0.2%
傲慢与偏见 Pride & Prejudice,(2005),乔·赖特,简·奥斯汀/黛博拉·莫盖茨,凯拉·奈特莉/马修·麦克费登/唐纳德·萨瑟兰/布兰达·布莱斯/凯瑞·穆里根/裴淳华/吉娜·马隆/妲露拉·莱莉/朱迪·丹奇/西蒙·伍兹/克劳迪·布莱克利/汤姆·霍兰德尔/鲁伯特·弗兰德/凯利·蕾莉/皮普·托伦斯/西妮德·马修斯/佩内洛普·威尔顿/塔姆金·莫钦特,剧情/爱情,法国/英国/美国, 英语,2005-09-16(英国),129 分钟,8.7,844341,48.5%/40.0%/10.5%/0.8%/0.2%
玩具总动员3 Toy Story 3,(2010),李·昂克里奇,迈克尔·阿恩特/约翰·拉塞特/安德鲁·斯坦顿/李·昂克里奇,汤姆·汉克斯/蒂姆·艾伦/琼·库萨克/尼德·巴蒂/唐·里克斯/迈克尔·基顿,喜剧/动画/奇幻/冒险,美国, 英语 / 西班牙语,2010-06-16(中国大陆)/2010-06-18(美国),103分钟,8.9,545870,55.2%/35.6%/8.7%/0.4%/0.1%
小森林 冬春篇 リトル・フォレスト 冬・春,(2015),森淳一,森淳一/五十岚大介,桥本爱/三浦贵大/松冈茉优/温水洋一/桐岛加恋,剧情,日本, 日语,2015-02-14(日本),120分钟,9.0,394486,60.3%/32.0%/6.9%/0.5%/0.2%
萤火之森 蛍火の杜へ,(2011),大森贵弘,绿川幸,佐仓绫音/内山昂辉/辻亲八/山本兼平/后藤弘树/今井麻美,剧情/爱情/动画/奇幻,日本, 日语,2011-09-17(日本),45分钟,8.9,566355,54.8%/34.2%/9.8%/0.9%/0.3%
被解救的姜戈 Django Unchained,(2012),昆汀·塔伦蒂诺,昆汀·塔伦蒂诺,杰米·福克斯/莱昂纳多·迪卡普里奥/克里斯托弗·瓦尔兹/塞缪尔·杰克逊/凯丽·华盛顿/沃尔顿·戈金斯/丹尼斯·克里斯托弗/乔纳·希尔/詹姆斯·瑞马尔/爱波·塔布琳/弗兰科·内罗/罗伯特·卡拉丁/佐伊·贝尔,剧情/动作/西部/冒险,美国, 英语 / 法语 / 德语,2013-05-12(中国大陆)/2012-12-25(美国),163分钟(中国大陆),8.8,638913,51.4%/39.3%/8.5%/0.6%/0.2%
釜山行 부산행,(2016),延尚昊,延尚昊,孔刘/郑有美/马东锡/金秀安/金义城/崔宇植/安昭熙/崔奎华/郑锡勇/芮秀贞/朴明申/张赫镇/禹都临/沈恩敬,动作/惊悚/灾难,韩国, 韩语,2016-05-13(戛纳电影节)/2016-07-20(韩国),118分钟,8.6,1255199,43.7%/44.2%/10.9%/0.8%/0.3%
神偷奶爸 Despicable Me,(2010),皮埃尔·柯芬,肯·道里欧/塞尔希奥·巴勃罗斯/辛科·保罗,史蒂夫·卡瑞尔/杰森·席格尔/拉塞尔·布兰德/朱莉·安德鲁斯/威尔·阿奈特/克里斯汀·韦格/米兰达·卡斯格拉夫/达纳·盖尔/艾尔西·费舍尔/皮埃尔·柯芬/克里斯·雷纳德/杰梅奈·克莱门特/杰克·麦克布瑞尔/丹尼·麦克布莱德/敏迪·卡灵/罗布·许贝尔/肯·道里欧/郑肯,喜剧/动画/冒险,美国/法国, 英语,2010-06-20(莫斯科电影节)/2010-07-09(美国),95分钟,8.7,982792,45.2%/43.6%/10.6%/0.5%/0.1%
色，戒,(2007),李安,王蕙玲/詹姆斯·夏慕斯/张爱玲,梁朝伟/汤唯/陈冲/王力宏/庹宗华/朱芷莹/高英轩/柯宇纶/阮德锵/钱嘉乐/苏岩/何赛飞/宋茹惠/樊光耀/卢燕/刘洁/余娅/王琳/王侃/竹下明子/阿努潘·凯尔,剧情/爱情/情色,中国台湾/中国大陆/美国/中国香港, 汉语普通话 / 上海话 / 英语 / 粤语 / 日语 / 印地语,2007-11-01(中国大陆)/2007-09-24(中国台湾)/2007-09-26(中国香港)/2007-08-30(威尼斯电影节)/2007-10-26(美国),158分钟,8.7,868107,48.2%/39.5%/11.2%/0.8%/0.3%
九品芝麻官,(1994),王晶,[佚名],周星驰/吴孟达/张敏/徐锦江/钟丽缇/蔡少芬/吴启华/邹兆龙/梁荣忠/黄一飞/苑琼丹/刘洵/黄一山,剧情/喜剧/古装,中国香港/中国大陆, 粤语,1994-03-31(中国香港),108分钟,8.7,722535,47.8%/42.0%/9.6%/0.4%/0.1%
哪吒闹海,(1979),王树忱,王树忱,梁正晖/邱岳峰/毕克/富润生/尚华/于鼎,动画/奇幻/冒险,中国大陆, 汉语普通话,1979-05-19(中国大陆),65分钟,9.2,273391,65.8%/27.6%/6.0%/0.4%/0.1%
告白,(2010),中岛哲也,中岛哲也/凑佳苗,松隆子/冈田将生/木村佳乃/西井幸人/桥本爱/芦田爱菜/三吉彩花/藤原薰/井之胁海/清水尚弥/高桥努/一井直树/能年玲奈/新井浩文/野本萤,剧情/悬疑,日本, 日语,2010-06-05(日本),106分钟,8.8,696976,51.7%/37.2%/9.5%/1.1%/0.5%
玛丽和马克思 Mary and Max,(2009),亚当·艾略特,亚当·艾略特,托妮·科莱特/菲利普·塞默·霍夫曼/巴瑞·哈姆弗莱斯/艾瑞克·巴纳/贝塔尼·维特莫尔/蕾妮·盖耶/伊恩·莫利·梅尔德伦/朱莉·福塞斯/约翰·弗劳思/克里斯托弗·马西/卡罗琳·莎士比亚-艾伦/琳恩·史密斯/迈克尔·延纳,剧情/喜剧/动画,澳大利亚/美国, 英语 / 意第绪语,2009-01-15(圣丹斯电影节)/2009-04-09(澳大利亚),92分钟,9.0,433741,57.8%/33.2%/8.0%/0.7%/0.2%
喜宴 囍宴,(1993),李安,李安/冯光远/詹姆斯·夏慕斯,赵文瑄/归亚蕾/郎雄/金素梅/米切尔·利希藤斯坦/迈克尔·加斯顿/许永德/尼尔·哈夫/李淳/汉娜·沙利文/杨元提/姚培德/李安,剧情/喜剧/爱情/同性/家庭,中国台湾/美国, 汉语普通话 / 英语,1993-02(柏林电影节)/1993-08-04(美国),108分钟,9.0,387426,55.9%/37.8%/5.8%/0.3%/0.2%
大鱼 Big Fish,(2003),蒂姆·波顿,Daniel Wallace/约翰·奥古斯特,伊万·麦克格雷格/阿尔伯特·芬尼/比利·克鲁德普/杰西卡·兰格/海伦娜·伯翰·卡特/艾莉森·洛曼/罗伯特·吉尔劳姆/玛丽昂·歌迪亚/马修·麦克格罗里/大卫·丹曼/米西·派勒/卢顿·万恩怀特三世/艾达·泰/艾伦妮·泰/史蒂夫·布西密/丹尼·德维托/迪普·罗伊/海利·安妮·内尔森,剧情/家庭/奇幻/冒险,美国, 英语 / 法语 / 俄语 / 粤语 / 汉语普通话,2003-12-04(纽约首映)/2004-01-09(美国),125 分钟,8.8,590745,51.9%/37.2%/9.8%/0.9%/0.3%
模仿游戏 The Imitation Game,(2014),莫滕·泰杜姆,格拉汉姆·摩尔/安德鲁·霍奇斯,本尼迪克特·康伯巴奇/凯拉·奈特莉/马修·古迪/罗里·金尼尔/艾伦·里奇/马修·比尔德/查尔斯·丹斯/马克·斯特朗/詹姆斯·诺斯科特/汤姆·古德曼-希尔/史蒂芬·威丁顿/伊兰·古德曼/杰克·塔尔登/埃里克斯·劳瑟/杰克·巴农/塔彭丝·米德尔顿/安德鲁·哈维尔/维尔·博登/李·阿斯奎斯-柯/海莉·乔安妮·培根/安库塔·布雷班/格雷斯·卡尔德/理查德·坎贝尔/温斯顿·丘吉尔/克里斯·考林/汉娜·弗林/卢克·霍普/斯图尔特·马修斯/亚当·诺威尔/哈里·S·杜鲁门,剧情/同性/传记/战争,英国/美国, 英语 / 德语,2015-07-21(中国大陆)/2014-08-29(特柳赖德电影节)/2014-11-14(英国)/2014-12-25(美国),114分钟,8.8,676431,49.0%/41.3%/9.1%/0.5%/0.1%
头脑特工队 Inside Out,(2015),彼特·道格特,彼特·道格特/罗纳尔多·德尔·卡门/梅格·勒福夫/乔什·库雷/迈克尔·阿恩特/西蒙·里奇/鲍勃·彼德森/比尔·哈德尔/艾米·波勒,艾米·波勒/菲利丝·史密斯/理查德·坎德/比尔·哈德尔/刘易斯·布莱克/敏迪·卡灵/凯特林·迪亚斯/戴安·琳恩/凯尔·麦克拉克伦/波拉·庞德斯通/鲍比·莫尼汉/保拉·佩尔/大卫·戈尔兹/弗兰克·奥兹/乔什·库雷/弗利/约翰·拉森贝格/卡洛斯·阿拉斯拉奇/皮特·萨加尔/拉什达·琼斯/罗里·艾伦/约翰·齐甘/雪莉·琳恩/拉瑞恩·纽曼/帕丽斯·冯·戴克,喜剧/动画/冒险,美国, 英语,2015-10-06(中国大陆)/2015-06-19(美国),95分钟,8.8,654107,52.2%/36.6%/10.3%/0.8%/0.2%
头号玩家 Ready Player One,(2018),史蒂文·斯皮尔伯格,扎克·佩恩/恩斯特·克莱恩,泰伊·谢里丹/奥利维亚·库克/本·门德尔森/马克·里朗斯/丽娜·维特/森崎温/赵家正/西蒙·佩吉/T·J·米勒/汉娜·乔恩-卡门/拉尔夫·伊内森/苏珊·林奇/克莱尔·希金斯/劳伦斯·斯佩尔曼/佩蒂塔·维克斯/艾萨克·安德鲁斯,动作/科幻/冒险,美国, 英语 / 日语 / 汉语普通话,2018-03-30(中国大陆)/2018-03-11(西南偏南电影节)/2018-03-29(美国),140分钟,8.6,1421545,48.3%/37.9%/12.1%/1.3%/0.4%
花样年华 花樣年華,(2000),王家卫,王家卫,梁朝伟/张曼玉/潘迪华/萧炳林/张耀扬/孙佳君/钱似莺/顾锦华,剧情/爱情,中国香港, 粤语 / 上海话 / 法语,2000-09-29(中国香港)/2000-05-20(戛纳电影节),98分钟,8.8,646798,49.2%/40.4%/9.5%/0.7%/0.2%
射雕英雄传之东成西就 射鵰英雄傳之東成西就,(1993),刘镇伟,刘镇伟,梁朝伟/林青霞/张国荣/叶玉卿/张学友/王祖贤/张曼玉/梁家辉/刘嘉玲/钟镇涛/鲍起静,喜剧/奇幻/武侠/古装,中国香港, 粤语,1993-02-05(中国香港),113分钟(香港),8.7,668638,53.2%/33.1%/11.4%/1.6%/0.6%
七武士 七人の侍,(1954),黑泽明,黑泽明/桥本忍/小国英雄,三船敏郎/志村乔/津岛惠子/岛崎雪子/藤原釜足/加东大介/木村功/千秋实/宫口精二/小杉义男/左卜全/稻叶义男/土屋嘉男/高堂国典/东野英治郎/上田吉二郎/多多良纯/渡边笃/小川虎之助/山形勋/上山草人/清水元/高木新平/大友伸/高原骏雄/稻垣三郎/堺左千夫/千石规子/本间文子/大久保正信/伊藤实/大村千吉/广濑正一/宇野晃司/谷晃/中岛春雄/清水美恵/熊谷卓三/夏木顺平/岩本弘司/堤康久/马野都留子/森今日子/加藤武/仲代达矢/宇津井健/山本廉,剧情/动作/冒险,日本, 日语,1954-04-26(日本),207分钟,9.3,209397,71.2%/23.6%/4.5%/0.4%/0.3%
我是山姆 I Am Sam,(2001),杰茜·尼尔森,杰茜·尼尔森/克里斯汀·约翰逊,西恩·潘/达科塔·范宁/米歇尔·菲佛/黛安·韦斯特/洛雷塔·迪瓦恩/理查德·希夫/劳拉·邓恩,剧情/家庭,美国, 英语,2001-12-03(美国),132 分钟,9.0,352703,57.7%/34.6%/7.1%/0.5%/0.2%
血战钢锯岭 Hacksaw Ridge,(2016),梅尔·吉布森,安德鲁·奈特/罗伯特·申坎,安德鲁·加菲尔德/萨姆·沃辛顿/文斯·沃恩/雨果·维文/卢克·布雷西/泰莉莎·帕尔墨/瑞切尔·格里菲斯/内森奈尔·布佐里克/理查德·劳斯伯格/马特·纳夫莱/费拉斯·迪拉尼/瑞安·柯尔/卢克·佩格勒,剧情/传记/历史/战争,澳大利亚/美国, 英语 / 日语,2016-12-08(中国大陆)/2016-09-04(威尼斯电影节)/2016-11-04(美国),139分钟(中国大陆),8.7,810583,46.5%/41.6%/10.8%/0.9%/0.2%
阳光姐妹淘 써니,(2011),姜炯哲,姜炯哲/李炳宪,沈恩敬/闵孝琳/姜素拉/南宝拉/陈熙琼/金时厚/柳好贞/朴真珠/李妍京/金甫美/千玗嬉/李璟荣,剧情/喜剧,韩国, 韩语,2011-05-04(韩国),124分钟,8.8,607109,51.3%/37.9%/9.7%/0.8%/0.2%
惊魂记 Psycho,(1960),阿尔弗雷德·希区柯克,约瑟夫·斯蒂凡诺/罗伯特·布洛克,安东尼·博金斯/维拉·迈尔斯/约翰·加文/珍妮特·利/马丁·鲍尔萨姆/约翰·麦克因泰/西蒙·奥克兰/弗兰克·艾伯森/帕特里夏·希区柯克/沃恩·泰勒/卢伦·塔特尔/约翰·安德森/莫特·米尔斯/吉特·卡森/维吉尼亚·格雷格/阿尔弗雷德·希区柯克/珍妮特·诺兰/罗伯特·奥斯本/海伦·华莱士/Fletcher Allen/沃尔特·培根/弗朗西斯·德塞尔斯/乔治·多克斯塔德/乔治·埃尔德雷奇/哈珀·弗莱厄蒂/萨姆·弗林特/弗兰克·基尔蒙德/泰德·奈特/帕特·麦卡弗里/汉斯-乔基姆·默比斯/弗雷德·谢威勒,悬疑/惊悚/恐怖,美国, 英语,1960-06-16(纽约首映)/1960-09-08(美国),109分钟,9.0,317245,59.1%/34.3%/6.0%/0.4%/0.2%
恐怖直播 더 테러 라이브,(2013),金秉祐,金秉祐,河正宇/李璟荣/全慧珍/李大卫/金弘波/崔正贤/崔代勋/姜信哲/韩成天/孙成灿/金素辰/金大明/金海仁,剧情/悬疑/犯罪,韩国, 韩语,2013-07-31(韩国),97分钟,8.7,682250,47.9%/41.5%/9.8%/0.7%/0.2%
黑客帝国3：矩阵革命 The Matrix Revolutions,(2003),拉娜·沃卓斯基,莉莉·沃卓斯基/拉娜·沃卓斯基,基努·里维斯/劳伦斯·菲什伯恩/凯瑞-安·莫斯/雨果·维文/贾达·萍克特·史密斯/凯特·宾汉/玛丽·爱丽丝/莫妮卡·贝鲁奇/埃茜·戴维斯/克里斯托弗·卡比/罗伯特·马莫内/罗宾·奈文/吉娜薇·欧瑞丽/诺娜·加耶/纳撒尼尔·利斯/哈里·列尼斯/哈罗德·佩里诺/鲁伯特·雷德/凯文·迈克尔·理查德森/大卫·罗伯茨/布鲁斯·斯宾斯/吉娜·托瑞斯/克莱顿·华生/赫尔穆特·巴凯蒂斯/邹兆龙/乔·曼宁/Tanveer K. Atwal/拉黑·休姆/康奈尔·韦斯特/伯纳德·怀特/朗贝尔·维尔森/安东尼·布兰登·黄/安东尼·泽比/克雷格·沃克,动作/科幻,美国, 英语 / 法语,2003-11-05(美国/中国大陆),129 分钟,8.8,465481,54.0%/35.2%/9.7%/0.8%/0.2%
你的名字。 君の名は。,(2016),新海诚,新海诚,神木隆之介/上白石萌音/长泽雅美/市原悦子/成田凌/悠木碧/岛崎信长/石川界人/谷花音/寺杣昌纪/大原沙耶香/井上和彦/茶风林/加藤有花/花泽香菜/寺崎裕香,剧情/爱情/动画,日本, 日语,2016-12-02(中国大陆)/2024-06(中国大陆重映)/2016-08-26(日本),106分钟,8.5,1470497,43.5%/38.7%/15.9%/1.6%/0.4%
"三块广告牌 Three Billboards Outside Ebbing, Missouri",(2017),马丁·麦克唐纳,马丁·麦克唐纳,弗兰西斯·麦克多蒙德/伍迪·哈里森/山姆·洛克威尔/艾比·考尼什/卢卡斯·赫奇斯/彼特·丁拉基/约翰·浩克斯/卡莱伯·兰德里·琼斯/凯瑟琳·纽顿/凯瑞·康顿/泽利科·伊万内克/萨玛拉·维文/克拉克·彼得斯/尼克·瑟西/阿曼达·沃伦/玛拉雅·瑞沃拉·德鲁/布兰登·萨克斯顿/迈克尔·艾伦·米利甘,剧情/犯罪,英国/美国, 英语,2018-03-02(中国大陆)/2017-09-04(威尼斯电影节)/2017-12-01(美国),115分钟,8.7,857906,46.8%/43.4%/8.9%/0.7%/0.2%
电锯惊魂 Saw,(2004),温子仁,温子仁/雷·沃纳尔,雷·沃纳尔/加利·艾尔维斯/丹尼·格洛弗/梁振邦/迪娜·迈耶/迈克·巴特斯/保罗·古德勒支/迈克尔·爱默生/本尼托·马丁内斯/肖妮·史密斯/麦肯兹·韦加/莫妮卡·波特/耐德·巴拉米/亚丽姗德拉·全/托宾·贝尔,悬疑/惊悚/恐怖,美国, 英语,2004-01-19(圣丹斯电影节)/2004-10-29(美国),103分钟,8.7,563243,51.0%/37.1%/10.5%/1.0%/0.4%
心迷宫,(2014),忻钰坤,忻钰坤/冯元良/鲁妮凡,霍卫民/王笑天/罗芸/杨瑜珍/孙黎/邵胜杰/曹西安/贾致钢/朱自清/王梓尘/赵梓彤/贾世忠/袁满/陈梅生/张景素/平坦/金子/张建军,剧情/悬疑/犯罪,中国大陆, 汉语普通话,2015-10-16(中国大陆)/2014-07-21(FIRST青年影展)/2014-08-28(威尼斯电影节),110分钟(中国大陆),8.8,557792,48.0%/42.6%/8.4%/0.7%/0.2%
达拉斯买家俱乐部 Dallas Buyers Club,(2013),让-马克·瓦雷,克莱格·鲍登/梅丽莎·沃雷克,马修·麦康纳/詹妮弗·加纳/杰瑞德·莱托/斯蒂夫·扎恩/达拉斯·罗伯特斯/凯文·兰金/丹尼斯·欧哈拉/简·麦克尼尔/格里芬·邓恩/詹姆斯·杜蒙特/朱丽叶·里夫斯/斯蒂菲·格罗特/J·D·埃弗摩尔,剧情/同性/传记,美国, 英语 / 日语,2013-09-07(多伦多电影节)/2013-11-22(美国),117分钟,8.8,473159,50.3%/41.9%/7.4%/0.4%/0.1%
疯狂原始人 The Croods,(2013),柯克·德·米科,克里斯·桑德斯/柯克·德·米科/约翰·克里斯,尼古拉斯·凯奇/艾玛·斯通/瑞安·雷诺兹/凯瑟琳·基纳/克萝丽丝·利奇曼/克拉克·杜克/克里斯·桑德斯/兰迪·汤姆,喜剧/动画/冒险,美国, 英语,2013-04-20(中国大陆)/2013-02-15(柏林电影节)/2013-03-22(美国),98分钟,8.7,870350,46.6%/41.4%/11.2%/0.6%/0.1%
谍影重重3 The Bourne Ultimatum,(2007),保罗·格林格拉斯,托尼·吉尔罗伊/斯科特·Z·本恩斯/乔治·诺非/罗伯特·鲁德鲁姆,马特·达蒙/朱丽娅·斯蒂尔斯/大卫·斯特雷泽恩/斯科特·格伦/帕迪·康斯戴恩/埃德加·拉米雷兹/阿尔伯特·芬尼/琼·艾伦/Tom Gallop/克里·约翰逊/丹尼尔·布鲁赫/乔伊·安沙/科林·斯廷顿/丹·弗雷登堡/Lucy Liemann,动作/悬疑/惊悚,美国/德国/法国/英国, 英语 / 法语 / 阿拉伯语 / 俄语 / 西班牙语,2007-11-15(中国大陆)/2007-08-03(美国),115分钟,8.8,436993,52.4%/38.1%/8.9%/0.5%/0.1%
小丑 Joker,(2019),托德·菲利普斯,托德·菲利普斯/斯科特·西尔弗/鲍勃·凯恩/比尔·芬格/杰瑞·罗宾逊,华金·菲尼克斯/罗伯特·德尼罗/马克·马龙/莎姬·贝兹/谢伊·惠格姆/弗兰西丝·康罗伊/布莱恩·考伦/布莱恩·泰里·亨利/布莱特·卡伦/道格拉斯·霍奇斯/格伦·弗莱舍尔/比尔·坎普/乔什·帕斯/但丁·佩雷拉-奥尔森/玛丽·凯特·马拉特/迈克尔·本茨/莎珑·华盛顿/桑德拉·詹姆斯/托尼·赫德/曼德拉·贝拉米/乔·奥克曼/卡尔·伦德施泰特/米克·奥罗克/大卫·吉布森/伊万·罗萨多/安妮·比萨比亚/布莱斯·科里根/乔恩·道格拉斯·雷尼/艾恩斯利·丹恩/杰森·约翰·奇卡莱塞,剧情/惊悚/犯罪,美国/加拿大, 英语,2019-08-31(威尼斯电影节)/2019-10-04(美国),122分钟,8.7,1053726,51.0%/37.4%/10.0%/1.1%/0.6%
英雄本色,(1986),吴宇森,陈庆嘉/吴宇森/梁淑华,周润发/狄龙/张国荣/朱宝意/李子雄/田丰/吴宇森/曾江/成奎安/徐克/陈志辉,剧情/动作/犯罪,中国香港, 粤语 / 汉语普通话 / 英语,2017-11-17(中国大陆)/1986-08-02(中国香港),95分钟,8.6,565765,44.5%/43.6%/11.3%/0.5%/0.1%
上帝之城 Cidade de Deus,(2002),费尔南多·梅里尔斯,保罗·林斯/布罗里欧·曼托伐尼,亚历桑德雷·罗德里格斯/莱安德鲁·菲尔米诺/菲利佩·哈根森/道格拉斯·席尔瓦/乔纳森·哈根森/马修斯·纳克加勒/塞乌·乔奇/艾莉丝·布拉加,剧情/犯罪,巴西/法国, 葡萄牙语,2002-05-18(戛纳电影节)/2002-08-30(巴西),130分钟,9.0,312376,58.2%/34.2%/6.9%/0.5%/0.2%
风之谷 風の谷のナウシカ,(1984),宫崎骏,宫崎骏,岛本须美/松田洋治/榊原良子/辻村真人/京田尚子/纳谷悟朗/永井一郎/宫内幸平/八奈见乘儿/矢田稔/富永美伊奈/家弓家正/吉田理保子/菅谷政子/坂本千夏/鳕子/麦人/大塚芳忠,动画/奇幻/冒险,日本, 日语,1992-05(中国大陆)/1984-03-11(日本),117分钟,8.9,370261,55.5%/35.2%/8.6%/0.5%/0.2%
绿里奇迹 The Green Mile,(1999),弗兰克·德拉邦特,弗兰克·德拉邦特,汤姆·汉克斯/大卫·摩斯/迈克·克拉克·邓肯/邦尼·亨特/詹姆斯·克伦威尔/迈克尔·杰特/格雷厄姆·格林/道格·休切逊/山姆·洛克威尔/巴里·佩珀/杰弗里·德曼/派翠西娅·克拉克森/哈利·戴恩·斯坦通/戴布思·格里尔/伊芙·布伦特,剧情/悬疑/犯罪/奇幻,美国, 英语 / 法语,1999-12-10(美国),189 分钟,8.9,352220,56.5%/34.1%/8.3%/0.7%/0.2%
背靠背，脸对脸,(1994),黄建新,黄建新/孙毅安/刘醒龙,牛振华/雷恪生/李强/句号/王劲松/戈治均/佘南南/张嘉益/刘国祥/徐学政/林海海/温谦/马载军/吴玮玲/张艺/韩炳杰/杨亚洲,剧情,中国大陆/中国香港, 汉语普通话,1994-09-10(多伦多电影节),148分钟,9.5,149696,76.0%/21.5%/2.2%/0.1%/0.1%
爱在午夜降临前 Before Midnight,(2013),理查德·林克莱特,理查德·林克莱特/朱莉·德尔佩/伊桑·霍克/金·克里桑,伊桑·霍克/朱莉·德尔佩/肖姆斯·戴维-菲茨帕特里克/詹妮弗·普里尔/夏洛特·普里尔/仙尼娅·卡洛格罗普卢/沃尔特·拉萨利/亚里安妮·拉贝德/雅尼斯·帕帕多普洛斯/阿赛娜·拉海尔·灿加里/帕诺斯·科罗尼斯/约塔·阿吉罗普卢/约翰·斯洛斯,剧情/爱情,美国/希腊, 英语 / 希腊语 / 法语,2013-06-14(美国),109分钟,8.9,427720,54.6%/35.1%/9.1%/0.9%/0.3%
心灵奇旅 Soul,(2020),彼特·道格特,彼特·道格特/麦克·琼斯/凯普·鲍尔斯,杰米·福克斯/蒂娜·菲/菲利西亚·拉斯海德/阿米尔-卡利布·汤普森/戴维德·迪格斯/格拉汉姆·诺顿/瑞切尔·豪斯/艾莉丝·布拉加/理查德·艾欧阿德/唐尼尔·罗林斯/安吉拉·贝塞特/马戈·霍尔/罗德莎·琼斯/韦斯·斯塔迪/沙基纳·贾弗里/福琼·费姆斯特/卡鲁姆·格兰特/泽诺比娅·谢罗夫/朱恩·斯奎布/凯茜·卡瓦蒂妮/罗纳尔多·德尔·卡门/埃利萨皮·艾萨克/杰森·佩斯/科拉·尚波米耶,动画/音乐/奇幻,美国, 英语,2020-12-25(中国大陆/美国网络)/2020-10-11(伦敦电影节),101分钟,8.7,1037862,48.7%/38.5%/11.9%/0.8%/0.2%
海街日记 海街diary,(2015),是枝裕和,是枝裕和/吉田秋生,绫濑遥/长泽雅美/夏帆/广濑铃/大竹忍/堤真一/加濑亮/风吹淳/中川雅也/前田旺志郎/铃木亮平/坂口健太郎/树木希林,剧情/家庭,日本, 日语,2015-05-14(戛纳电影节)/2015-06-13(日本),127分钟,8.8,473888,50.3%/40.5%/8.6%/0.5%/0.1%
纵横四海 緃横四海,(1991),吴宇森,吴宇森/高志森/秦小珍,周润发/张国荣/钟楚红/朱江/曾江/胡枫/唐宁/邓一君,剧情/喜剧/动作/犯罪,中国香港, 粤语 / 汉语普通话 / 客家话 / 英语 / 法语,1991-02-02(中国香港),108分钟,8.8,445251,51.9%/37.8%/9.3%/0.8%/0.2%
卢旺达饭店 Hotel Rwanda,(2004),特瑞·乔治,凯尔·皮尔森/特瑞·乔治,唐·钱德尔/苏菲·奥康内多/华金·菲尼克斯/尼克·诺特/哈基姆·凯-卡西姆/托尼·戈罗奇/法纳·莫科纳/大卫·奥哈拉/莫苏西·麦格诺/西莫·莫加瓦扎/卡拉·西摩/罗伯托·西特兰/德斯蒙德·杜布/蕾乐蒂·库马洛,剧情/传记/历史/战争,英国/南非/意大利/美国, 英语 / 法语,2004-09-11(多伦多电影节)/2005-03-04(英国),121分钟,8.9,344583,54.5%/38.1%/6.8%/0.4%/0.2%
疯狂的石头,(2006),宁浩,张承/宁浩/岳小军,郭涛/刘桦/连晋/黄渤/徐峥/岳小军/罗兰/王迅,喜剧/犯罪,中国大陆/中国香港, 汉语普通话 / 重庆话,2006-06-30(中国大陆)/2006-08-10(中国香港),106分钟(香港),8.6,862797,43.7%/43.2%/11.9%/1.0%/0.2%
记忆碎片 Memento,(2000),克里斯托弗·诺兰,克里斯托弗·诺兰/乔纳森·诺兰,盖·皮尔斯/凯瑞-安·莫斯/乔·潘托里亚诺/小马克·布恩/拉什·费加/乔雅·福克斯/斯蒂芬·托布罗斯基/哈里特·桑塞姆·哈里斯/托马斯·列农/考乐姆·吉斯·雷尼/金伯利·坎贝尔/玛丽安妮·穆勒雷尔/拉里·霍尔登,剧情/悬疑/惊悚/犯罪,美国, 英语,2000-09-05(威尼斯电影节)/2000-10-20(英国)/2001-05-25(美国),113分钟,8.7,628898,47.0%/41.4%/10.4%/0.9%/0.3%
无间道2 無間道II,(2003),刘伟强,麦兆辉/庄文强,陈冠希/余文乐/曾志伟/黄秋生/吴镇宇/刘嘉玲/胡军/张耀扬/连凯/惠英红/廖启智/张同祖/方平/敖志君/黄岳泰/陈德森/赵颂茹/叶世品/郑斌辉/许金峰/陈望华/尹志强/傅嘉莉/段伟伦/林仲岐/金来群/黄锐生/张碧珊/刘宗基/王文成/张旭燊/林国杰/雷小明/里卡多·马姆多/布兰登·雷亚/李霆锋/阎青妤/龙比意/Phorjeat Keanpetch/杜汶泽,剧情/惊悚/犯罪,中国香港, 粤语 / 英语 / 汉语普通话 / 泰语,2003-10-17(中国大陆)/2003-10-01(中国香港),119分钟,8.8,512359,49.0%/40.4%/9.9%/0.6%/0.1%
雨中曲 Singin' in the Rain,(1952),斯坦利·多南,贝蒂·康登/阿多夫·格林,吉恩·凯利/唐纳德·奥康纳/黛比·雷诺斯/简·哈根/米勒德·米切尔/赛德·查里斯/达格拉斯·福雷/丽塔·莫雷诺/道恩·艾达丝/John Albright/Betty Allen/Bette Arlen/David Bair/玛格丽特·伯特/Madge Blake/Gail Bonney/Chet Brandenburg/梅·克拉克/Harry Cody/Chick Collins/Pat Conway/Jeanne Coyne/Fred Datig Jr./凯·德利斯/John Dodsworth/金·多诺万/Phil Dunham/海伦·艾比罗克/Richard Emory/Tommy Farrell/Ernie Flatt/贝丝·弗劳尔斯/罗伯特·福捷/Dan Foster/Robert Foulk/Eric Freeman/凯瑟琳·弗里曼/兰斯·富勒/杰克·乔治/John George/Inez Gorman/A. Cameron Grant/Beatrice Gray/William Hamel/山姆·哈里斯/Timmy Hawkins/Jean Heremans/斯图尔特·霍姆斯/肯纳G.肯普/迈克·拉里/乔伊·兰辛/William F. Leicester/Sylvia Lewis,喜剧/爱情/歌舞,美国, 英语,1952-04-11(美国),103分钟,9.1,241199,62.9%/30.6%/5.9%/0.4%/0.2%
2001太空漫游 2001: A Space Odyssey,(1968),斯坦利·库布里克,亚瑟·克拉克/斯坦利·库布里克,凯尔·杜拉/加里·洛克伍德/威廉姆·西尔维斯特/丹尼尔·里希特/雷纳德·洛塞特/罗伯特·比提/肖恩·沙利文/艾德·毕肖普/格伦·贝克/艾伦·吉福德/安·吉利斯,科幻/惊悚/冒险,英国/美国, 英语 / 俄语,1968-04-02(华盛顿首映)/1968-05-12(英国),149分钟,8.9,353607,60.1%/28.5%/8.9%/1.6%/0.9%
小偷家族 万引き家族,(2018),是枝裕和,是枝裕和,中川雅也/安藤樱/松冈茉优/城桧吏/佐佐木美结/树木希林/绪形直人/池松壮亮/森口瑶子/山田裕贵/片山萌美/柄本明/高良健吾/池胁千鹤/足立智充,剧情/家庭/犯罪,日本, 日语,2018-08-03(中国大陆)/2018-05-13(戛纳电影节)/2018-06-08(日本),117分钟(中国大陆),8.7,845890,45.1%/44.7%/9.4%/0.7%/0.2%
岁月神偷 歲月神偷,(2010),罗启锐,罗启锐/张婉婷,吴君如/任达华/钟绍图/李治廷/蔡颖恩/秦沛/夏萍/谷德昭/许鞍华/张同祖/庄域飞/威廉希路/李健兴/林耀祺/廖爱玲/张翼东/钱耀荣/谭瓒强/陈庆航/黎祥荣,剧情/家庭,中国香港/中国大陆, 粤语 / 汉语普通话 / 英语 / 上海话 / 法语,2010-04-16(中国大陆)/2010-03-11(中国香港)/2010-02-14(柏林电影节),117分钟,8.7,589198,48.6%/39.8%/10.6%/0.8%/0.2%
无敌破坏王 Wreck-It Ralph,(2012),瑞奇·摩尔,菲尔·约翰斯顿/珍妮弗·李/瑞奇·摩尔/吉姆·里尔顿/约翰·C·赖利/山姆·J·莱文/贾里德·斯特恩,约翰·C·赖利/萨拉·西尔弗曼/杰克·麦克布瑞尔/简·林奇/艾伦·图代克/敏迪·卡灵/乔·洛·特鲁格里奥/艾德·奥尼尔/丹尼斯·海斯伯特/伊迪·麦克勒格/雷蒙德·S·佩尔西/杰斯·哈梅尔/瑞秋·哈里斯/斯盖拉·阿斯丁/亚当·卡罗拉/霍拉提奥·桑斯/莫里斯·拉马奇/斯戴芬妮·斯考特/约翰·迪·马吉欧/瑞奇·摩尔/凯蒂·洛斯/贾米·埃曼/乔西·特立尼达/辛贝·沃克/塔克·吉莫尔/布兰登·斯考特/蒂姆·梅尔滕斯/凯文·迪特斯/杰洛·里佛斯/马丁·贾维斯/布莱恩·克辛格/罗杰·克莱格·史密斯/菲尔·约翰斯顿/鲁本·兰登/凯尔·赫伯特/洁米·斯贝勒·罗伯茨/尼克·格里姆肖,喜剧/动画/奇幻/冒险,美国, 英语,2012-11-06(中国大陆)/2012-11-02(美国),101分钟,8.7,568089,48.5%/40.5%/10.3%/0.6%/0.1%
忠犬八公物语 ハチ公物語,(1987),神山征二郎,新藤兼人,仲代达矢/八千草薰/柳叶敏郎/尾美利德/石野真子/春川真澄/殿山泰司/加藤嘉/井川比佐志/山本圭/片桐入/浦边粂子/高桥长英/石仓三郎/岸部四郎/樋浦勉/原知佐子/早川纯一/川上夏代/青木卓/野口文惠/黑田亚瑟/中村美代子/原吉实/松尾麻织/平林尚三/田山真美子/及川以造/古田将士/吉冈圭二/松本诚一/坂井茂树/三浦忠度/竹田光裕/小岛敏彦/高崎隆二/小山昌幸/秋山京子/庄司秀俊/藤原等/西海真理/小山内一雄/田中孝雄/荒木瞳/天野良昭/八木邦明/神田典子/大辉昭/高桥正明/中濑博文/菊川予市/太田行雄/高市好行/木津修/山下一夫/细见良行/山口晴记/千叶康司/谷津勋/难波透/和气秀章/小野一光/山科薰/内田修司/三上祐/作原利男/岩庭友启/石田哲也/门平克己/佐藤法义/上山隆/小玉赖信/寺坂博文/竹原升/三木纪平/泉谷茂/菅井琴/加藤登纪子/长门裕之/山城新伍/田村高广,剧情,日本, 日语,1987-08-01(日本),107 分钟,9.2,204470,66.1%/27.7%/5.6%/0.4%/0.2%
荒蛮故事 Relatos salvajes,(2014),达米安·斯兹弗隆,达米安·斯兹弗隆,达里奥·格兰迪内蒂/玛丽娅·玛努尔/莫妮卡·比利亚/丽塔·科尔泰塞/胡丽叶塔·泽尔贝伯格/凯撒·博尔东/莱昂纳多·斯巴拉格利亚/沃尔特·多纳多/里卡多·达林/南希·杜普拉/奥斯卡·马丁内兹/玛莉亚·奥内托/奥斯马·努涅斯/赫尔曼·德·席尔瓦/艾丽卡·里瓦斯/地亚哥·詹蒂莱/玛格丽塔·莫菲诺,剧情/喜剧/犯罪,阿根廷/西班牙, 西班牙语,2014-05-17(戛纳电影节)/2014-08-21(阿根廷),122分钟,8.8,463141,49.0%/41.6%/8.7%/0.6%/0.2%
冰川时代 Ice Age,(2002),卡洛斯·沙尔丹哈,迈克尔·伯格 /迈克尔·J·威尔森/彼得·阿克曼,雷·罗马诺/约翰·雷吉扎莫/丹尼斯·利瑞/杰克·布莱克,喜剧/动画/冒险,美国, 英语 / 克罗地亚语,2002-03-15(美国),81分钟,8.6,643166,44.1%/44.7%/10.6%/0.5%/0.1%
爆裂鼓手 Whiplash,(2014),达米恩·查泽雷,达米恩·查泽雷,迈尔斯·特勒/J·K·西蒙斯/保罗·雷瑟/梅莉莎·班诺伊/奥斯汀·斯托维尔/内特·朗/克里斯·马尔基/达蒙·冈普顿/Suanne Spoke/马科斯·卡锡/Charlie Ian/杰森·布莱尔/科菲·斯里博伊/卡维塔帕蒂尔/C.J. Vana/塔里克·洛维/卡尔文·C·温布什/迈克尔·D·科恩/艾普尔·格雷斯/马库斯·亨德森/亨利·G.桑德斯/温迪·李/米歇尔·拉夫,剧情/音乐,美国, 英语,2014-01-16(圣丹斯电影节)/2014-10-10(美国),107分钟,8.7,617994,47.1%/40.4%/11.0%/1.1%/0.4%
牯岭街少年杀人事件 牯嶺街少年殺人事件,(1991),杨德昌,杨德昌/赖铭堂/杨顺清/鸿鸿,张震/杨静怡/张国柱/王启赞/林鸿铭/金燕玲/王琄/张翰/姜秀琼/赖梵耘/柯宇纶/谭志刚/冯国强/陈湘琪/金士杰,剧情/犯罪,中国台湾, 汉语普通话 / 闽南语 / 上海话 / 粤语,1991-07-27(中国台湾),237分钟(导演剪辑版),8.9,325273,57.7%/32.1%/8.6%/1.1%/0.4%
恐怖游轮 Triangle,(2009),克里斯托弗·史密斯,克里斯托弗·史密斯,梅利莎·乔治/利亚姆·海姆斯沃斯/迈克尔·多曼/瑞秋·卡帕尼/艾玛·朗/亨利·尼克松/约书亚·麦基弗,剧情/悬疑/惊悚,英国/澳大利亚, 英语,2009-10-16(英国),99 分钟,8.5,911451,42.7%/42.9%/12.9%/1.2%/0.3%
东京教父 東京ゴッドファーザーズ,(2003),今敏,今敏/信本敬子,江守彻/梅垣义明/冈本绫/饭塚昭三/加藤精三/石丸博也/槐柳二/屋良有作/寺濑今日子/能登麻美子/大塚明夫/小山力也/宇垣秀成/小形满/芝原智矢子/竹口安芸子/伊藤和晃/古田信幸/汤屋敦子/堀川仁/风间勇刀/最上嗣生/园部好德/川濑晶子/宫崎晋永/矢原加奈子/柴田理惠/犬山犬子/山寺宏一/柚木凉香/进藤尚美/川原庆久/麻生智久/铃森勘司/金田朋子/藤原启治/兴梠里美,剧情/喜剧/动画,日本, 日语 / 西班牙语 / 英语,2003-11-08(日本),92分钟,9.0,252222,59.8%/33.0%/6.5%/0.5%/0.2%
魔女宅急便 魔女の宅急便,(1989),宫崎骏,宫崎骏/角野荣子,高山南/佐久间玲/户田惠子/山口胜平/信泽三惠子/加藤治子/关弘子/三浦浩一/山寺宏一/井上喜久子/渊崎由里子/土井美加/土师孝也/浅井淑子/齐藤昌/西村知道/小林优子/池水通洋/辻亲八/大塚明夫/坂本千夏/田口昂/键本景子/津贺有子/龟井芳子/丸山裕子,动画/奇幻/冒险,日本, 日语,1989-07-29(日本),103分钟,8.7,485169,47.4%/42.3%/9.9%/0.4%/0.1%
大佛普拉斯,(2017),黄信尧,黄信尧,庄益增/陈竹升/戴立忍/张少怀/陈以文/纳豆/丁国琳/李永丰/朱约信/雷婕熙/林美秀/小亮哥/游安顺/梁赫群/脱线/郑宇彤/鲁文学,剧情/喜剧,中国台湾, 闽南语 / 汉语普通话,2017-10-13(中国台湾)/2017-06-29(台北电影节),102分钟,8.7,498688,48.8%/41.2%/8.8%/0.9%/0.3%
贫民窟的百万富翁 Slumdog Millionaire,(2008),丹尼·博伊尔,西蒙·博福伊/维卡斯·斯瓦鲁普,戴夫·帕特尔/沙鲁巴·舒克拉/亚尼·卡普尔/拉詹德拉纳斯·祖特施/吉尼瓦·塔瓦尔/芙蕾达·平托/伊尔凡·可汗/爱资哈尔丁·穆罕默德·伊斯梅尔/阿什·马赫什·舍德卡/马赫什·曼杰瑞卡/麦活·米泰尔,剧情/爱情,英国, 英语 / 印地语 / 法语 / 德语,2009-03-26(中国大陆)/2008-08-30(特柳赖德电影节)/2009-01-09(英国),120分钟,8.6,769783,43.0%/44.8%/11.4%/0.7%/0.2%
遗愿清单 The Bucket List,(2007),罗伯·莱纳,贾斯汀·扎克汉姆,杰克·尼科尔森/摩根·弗里曼/西恩·海耶斯/贝弗利·陶德/罗伯·莫洛/阿方索·弗里曼/罗文娜·金/韦尔达·布里奇斯/伊恩·安东尼·代尔/詹妮弗·迪弗朗西斯科/安吉拉·加德纳/诺尔·古格雷米/乔纳森·赫尔南德斯/休·B·赫鲁伯/理查德·麦克格纳格尔/丸山凯伦/安波米德/尼基·诺瓦克/克里斯托弗·斯塔普勒顿/泰勒.安.汤普森/亚历克斯·崔贝克/Annton Berry Jr./Destiny Brownridge/Brian Copeland/乔丹·朗德/Jonathan Mangum/瑟瑞娜·里德/MaShae Alderman/Vin Scully,剧情/喜剧/冒险,美国, 英语,2007-12-25(多伦多电影节)/2008-01-11(美国),97 分钟,8.7,490065,47.5%/41.5%/10.3%/0.6%/0.1%
东邪西毒 東邪西毒,(1994),王家卫,王家卫/金庸,张国荣/林青霞/梁朝伟/张学友/张曼玉/刘嘉玲/梁家辉/杨采妮/邹兆龙,剧情/动作/爱情/武侠/古装,中国香港/中国台湾, 粤语 / 汉语普通话,1994-09-17(中国大陆)/1994-09-12(威尼斯电影节),98分钟,8.6,598323,48.1%/38.3%/11.8%/1.3%/0.5%
你看起来好像很好吃 おまえうまそうだな,(2010),藤森雅也,村上修/神野博明/宫西达也,山口胜平/爱河里花子/加藤清史郎/原田知世/川岛得爱/折笠富美子/桐本拓哉/别所哲也/矢田稔/川村万梨阿/高乃丽/小室正幸/江川央生/志村知幸/胜沼纪义/井田国男/宫西达也/宫西美奈子,剧情/动画/儿童,日本, 日语,2010-10-16(日本),90分钟,8.9,348235,55.1%/35.2%/8.8%/0.6%/0.2%
末路狂花 Thelma & Louise,(1991),雷德利·斯科特,卡莉·克里,吉娜·戴维斯/苏珊·萨兰登/哈威·凯特尔/迈克尔·马德森/布拉德·皮特,剧情/惊悚/犯罪,美国/英国/法国, 英语,1991-05-24(美国)/1991-05-29(法国),130 分钟,8.9,286849,56.5%/35.1%/7.5%/0.6%/0.2%
可可西里,(2004),陆川,陆川,多布杰/张垒/奇道/赵雪莹/马占林/赵一穗,剧情/犯罪,中国大陆/中国香港, 汉语普通话 / 藏语,2004-10-01(中国大陆)/2005-04-21(中国香港),85分钟(中国大陆),8.9,317897,53.8%/37.5%/7.9%/0.5%/0.2%
城市之光 City Lights,(1931),查理·卓别林,查理·卓别林/Harry Clive/哈里·克罗克,查理·卓别林/弗吉尼亚·切瑞尔/佛罗伦斯·李/亨利·伯格曼/珍·哈露,剧情/喜剧/爱情,美国, 英语,1931-01-30(洛杉矶首映)/1931-03-07(美国),87 分钟,9.3,156273,70.7%/25.0%/3.9%/0.3%/0.1%
源代码 Source Code,(2011),邓肯·琼斯,本·雷普利,杰克·吉伦哈尔/维拉·法米加/米歇尔·莫纳汉/杰弗里·怀特/拉塞尔·皮特斯/詹姆斯·A·伍兹/迈克尔·阿登/乔·柯布登 /卡斯·安瓦尔,科幻/悬疑/惊悚,美国/加拿大, 英语,2011-08-30(中国大陆)/2011-03-11(西南偏南电影节)/2011-04-01(美国),93分钟,8.5,868112,40.4%/47.3%/11.6%/0.6%/0.1%
黑天鹅 Black Swan,(2010),达伦·阿伦诺夫斯基,安德雷斯·海因斯/马克·海曼/约翰·J·麦克劳克林,娜塔莉·波特曼/米拉·库尼斯/文森特·卡塞尔/芭芭拉·赫希/薇诺娜·瑞德/本杰明·米派德/克塞尼亚·索罗/克里斯汀娜·安娜波/詹妮特·蒙哥马利/塞巴斯蒂安·斯坦/托比·海明威/塞尔吉奥·托拉多/马克·马戈利斯/蒂娜·斯隆/亚伯拉罕·阿罗诺夫斯基/夏洛特·阿罗诺夫斯基/玛西娅·让·库尔茨/肖恩·奥哈根/克里斯托弗·加廷/黛博拉·奥夫纳/斯坦利·B·赫尔曼/库尔特·弗勒曼/帕特里克·赫辛格/莎拉·海伊,剧情/惊悚,美国, 英语 / 法语 / 意大利语,2010-09-01(威尼斯电影节)/2010-12-17(美国),108分钟,8.6,805584,42.4%/45.1%/11.5%/0.8%/0.2%
海边的曼彻斯特 Manchester by the Sea,(2016),肯尼思·洛纳根,肯尼思·洛纳根,卡西·阿弗莱克/卢卡斯·赫奇斯/米歇尔·威廉姆斯/C·J·威尔逊/凯尔·钱德勒/卡拉·海沃德/格瑞辰·摩尔/泰特·多诺万/埃里卡·麦克德莫特/希瑟·伯恩斯/蜜西·雅格/斯蒂芬·亨德森/本·汉森/玛丽·梅伦/安东尼·埃斯特拉/苏珊·波尔法/罗伯特·塞拉/卡罗琳·皮克曼/约什·汉密尔顿/肖恩·菲茨吉本/肯尼思·洛纳根/安娜·巴瑞辛尼科夫/利亚姆·麦克尼尔/马修·布罗德里克/Kt·巴达萨罗/威廉·博恩凯塞尔/弗兰克·达戈斯蒂诺/托马斯·马里亚诺,剧情/家庭,美国, 英语,2017-08-25(中国大陆)/2016-01-23(圣丹斯电影节)/2016-11-18(美国),137分钟,8.6,584623,43.8%/43.4%/11.5%/1.0%/0.2%
波西米亚狂想曲 Bohemian Rhapsody,(2018),布莱恩·辛格,安东尼·麦卡滕/皮特·摩根,拉米·马雷克/本·哈迪/约瑟夫·梅泽罗/格威利姆·李/艾伦·里奇/露西·宝通/艾丹·吉伦/汤姆·霍兰德尔/麦克·梅尔斯/阿隆·麦克卡斯克/梅内卡·达斯/迪基·博/蒂姆· 普莱斯特/杰克·罗斯/马克斯·班内特/基兰·哈德卡斯托/罗斯·格林/布鲁斯·麦克金伦/米歇尔·邓肯/马特·格林伍德/罗茜·本杰明/约翰·奥特曼/詹姆斯·华莱士/文森特·阿德里安/拉斯科·阿特金斯/乔纳森·奇塔姆/迈克尔·科布/耶稣·加洛/亚当·兰伯特/豪尔赫·莱昂·马丁内斯/杰森· 莱恩斯/伊斯雷尔·鲁兹,剧情/同性/音乐/传记,英国/美国, 英语,2019-03-22(中国大陆)/2018-11-02(美国),135分钟,8.6,638262,47.7%/38.7%/12.1%/1.3%/0.2%
真爱至上 Love Actually,(2003),理查德·柯蒂斯,理查德·柯蒂斯,休·格兰特/连姆·尼森/科林·费尔斯/劳拉·琳妮/艾玛·汤普森/艾伦·瑞克曼/凯拉·奈特莉/托马斯·布罗迪-桑斯特/比尔·奈伊/玛汀·麦古基安/马丁·弗瑞曼/克里斯·马歇尔/罗德里戈·桑托罗/罗温·艾金森/比利·鲍伯·松顿/安德鲁·林肯/露西娅·莫尼斯/海克·玛卡琪,剧情/喜剧/爱情,英国/美国/法国, 英语 / 葡萄牙语 / 法语,2003-09-07(多伦多电影节)/2003-11-06(美国)/2003-11-21(英国),135分钟,8.5,763100,45.7%/38.1%/14.2%/1.6%/0.5%
雨人 Rain Man,(1988),巴瑞·莱文森,罗纳德·巴斯/巴里·莫罗,达斯汀·霍夫曼/汤姆·克鲁斯/瓦莱丽亚·戈利诺/邦尼·亨特/贝丝·格兰特/杰克·霍夫曼/克里斯·马尔基/杰拉尔德·R·莫伦/卢辛达·珍妮/拉尔夫·塞莫/迈克尔·D·罗伯茨/罗伊斯·D.阿普勒加特/路易莎·莱斯金,剧情,美国, 英语 / 意大利语,1988-12-16(美国),133分钟,8.7,418886,47.2%/43.2%/9.0%/0.5%/0.1%
青蛇,(1993),徐克,李碧华/徐克,张曼玉/王祖贤/赵文卓/吴兴国/马精武/田丰/刘洵,剧情/爱情/奇幻/古装,中国香港/中国大陆, 粤语 / 汉语普通话,1993-11-04(中国香港),99分钟,8.6,550522,45.3%/42.2%/11.6%/0.7%/0.2%
爱乐之城 La La Land,(2016),达米恩·查泽雷,达米恩·查泽雷,瑞恩·高斯林/艾玛·斯通/约翰·传奇/罗丝玛丽·德薇特/芬·维特洛克/杰西卡·罗德/水野索诺娅/考莉·埃尔南德斯/J·K·西蒙斯/汤姆·艾弗瑞特·斯科特/米根·费伊/达蒙·冈普顿/贾森·福克斯/乔什·平茨/艾米·科恩/特里·沃尔特斯/汤姆·谢尔顿/信达·亚当斯/克劳丁·克劳迪奥/D·A·瓦拉赫/特雷弗·里斯奥尔/奥莉维亚·汉密尔顿/安娜·查泽雷/马里乌斯·代·弗里斯/妮科尔·库隆/迈尔斯·安德森/约翰·辛德曼/瓦拉里·雷·米勒/基夫·范登·霍伊维尔/佐伊·霍尔/登普西·帕皮恩/辛德拉·车,剧情/爱情/歌舞,美国, 英语,2017-02-14(中国大陆)/2023-12-22(中国大陆重映)/2016-08-31(威尼斯电影节)/2016-12-25(美国),128分钟,8.4,995339,43.5%/37.8%/15.9%/2.2%/0.6%
初恋这件小事 สิ่งเล็กเล็กที่เรียกว่า...รัก,(2010),普特鹏·普罗萨卡·那·萨克那卡林,普特鹏·普罗萨卡·那·萨克那卡林,平采娜·乐维瑟派布恩/马里奥·毛瑞尔/苏达拉·布查蓬/雅尼卡·桑普蕾舞/诺特·阿查拉那·阿瑞亚卫考/皮拉瓦特·赫拉巴特/普特鹏·普罗萨卡·那·萨克那卡林/华森·波克彭,剧情/喜剧/爱情,泰国, 泰语 / 印度尼西亚语 / 英语,2012-06-05(中国大陆)/2010-08-12(泰国),118分钟(泰国),8.5,1006312,42.1%/41.6%/14.6%/1.3%/0.3%
疯狂的麦克斯4：狂暴之路 Mad Max: Fury Road,(2015),乔治·米勒,乔治·米勒/布伦丹·麦卡锡/尼克·拉图里,汤姆·哈迪/查理兹·塞隆/尼古拉斯·霍尔特/休·基斯-拜恩/乔什·赫尔曼/内森·琼斯/佐伊·克罗维兹/罗茜·汉丁顿-惠特莉/丽莉·吉欧/阿比·丽/考特尼·伊顿/安格斯·桑普森/理查德·卡特/梅根·盖尔/肖恩·哈普,动作/科幻/冒险,澳大利亚/美国, 英语 / 俄语,2015-05-14(澳大利亚)/2015-05-15(美国),120分钟,8.7,557907,49.4%/37.2%/11.5%/1.4%/0.5%
人工智能 A.I. Artificial Intelligence,(2001),史蒂文·斯皮尔伯格,布莱恩·奥尔迪斯/伊恩·沃森/史蒂文·斯皮尔伯格,海利·乔·奥斯蒙/弗兰西丝·奥康纳/山姆·洛巴兹/杰克·托马斯/裘德·洛/威廉·赫特/梁振邦/克拉克·格雷格/凯文·苏斯曼/汤姆·加洛普/尤金·奥斯门特/艾普尔·格雷斯/马特·温斯顿/萨布丽娜·格德维奇/西奥·格林利,剧情/科幻,美国/英国, 英语,2001-06-29(美国),146分钟,8.7,466465,48.8%/38.4%/11.4%/1.1%/0.3%
芙蓉镇,(1987),谢晋,阿城/谢晋,刘晓庆/姜文/郑在石/张光北/徐松子/祝士彬/刘利年,剧情/爱情,中国大陆, 汉语普通话,1987-03-05(中国大陆上海首映),164 分钟,9.3,156865,68.8%/26.8%/4.0%/0.3%/0.1%
终结者2：审判日 Terminator 2: Judgment Day,(1991),詹姆斯·卡梅隆,詹姆斯·卡梅隆/小威廉·威谢尔,阿诺·施瓦辛格/琳达·汉密尔顿/爱德华·福隆/罗伯特·帕特里克/阿尔·伯恩/乔·莫顿/埃帕莎·默克森/卡斯图罗·格雷拉/丹尼·库克塞/詹妮特·戈德斯坦恩/山德·贝克利/莱思莉·汉密尔顿·格伦/彼得·舒鲁姆/唐·雷克/吉姆·帕尔默/格温达·迪肯/科林·帕特里克·林奇/妮基·考克斯/德沃恩·尼克森/阿卜杜勒·萨拉姆·埃尔·拉扎克/迈克·马斯喀特/迪恩·诺里斯/查尔斯·A·坦伯罗/丹尼·皮尔斯/马克·克里斯托弗·劳伦斯/林凡 /乔尔·克莱默/斯科特·肖/史文-欧尔·托尔森/小威廉·威谢尔/Ken Gibbel/Robert Winley/Michael Edwards/Don Stanton/Dan Stanton/Lisa Brinegar/Dalton Abbott/Bret A. Arnold/Martin Deluca,动作/科幻,美国/法国, 英语 / 西班牙语,1991-07-03(美国)/2017-02-17(柏林电影节 3D),137分钟,8.8,356605,50.9%/38.8%/9.7%/0.4%/0.1%
恋恋笔记本 The Notebook,(2004),尼克·卡萨维蒂,扬·萨尔迪/杰里米·莱文/尼古拉斯·斯帕克斯,瑞恩·高斯林/瑞秋·麦克亚当斯/吉娜·罗兰兹/詹姆斯·加纳/斯塔尔勒塔·杜波利斯/凯文·康诺利/希瑟·沃奎斯特/杰弗里·奈特/琼·艾伦/詹姆斯·麦斯登,剧情/爱情,美国, 英语,2004-06-25(美国),123分钟,8.5,702095,44.5%/40.1%/13.7%/1.4%/0.4%
虎口脱险 La grande vadrouille,(1966),热拉尔·乌里,热拉尔·乌里/达妮埃尔·汤普森/马塞尔·朱利安/乔治·塔贝/安德烈·塔贝,路易·德·菲奈斯/布尔维尔/克劳迪奥·布鲁克/安德丽·帕里西/科莱特·布罗塞/迈克·马歇尔/玛丽·马凯/皮埃尔·贝尔坦/本诺·施特岑巴赫/玛丽·杜布瓦/特里-托马斯/西戈德·拉普/赖因哈德·科尔德霍夫/赫尔穆特·施奈德/保罗·普雷博伊斯特/汉斯·迈尔/居伊·格罗索/米歇尔·莫多/彼得·雅各布/吕迪·勒努瓦/诺埃尔·达扎尔/皮埃尔·鲁塞尔/皮埃尔·巴斯蒂安/雅克·萨布隆/玛格·阿夫里尔/雅克·博杜因/加布里埃尔·戈班/保罗·梅塞/亨利·热内斯,喜剧/战争,法国/英国, 法语 / 英语 / 德语,1966-12-08(法国),132分钟,8.9,271322,57.3%/32.9%/8.7%/0.8%/0.3%
新龙门客栈 新龍門客棧,(1992),李惠民,徐克/张炭/何冀平,张曼玉/林青霞/梁家辉/甄子丹/熊欣欣/刘洵/任世官/吴启华/袁祥仁/徐锦江/郑希怡/王彤川/王伟顺/蔡浩,动作/爱情/武侠/古装,中国香港/中国大陆, 汉语普通话 / 粤语,2012-02-24(中国大陆)/1992-08-27(中国香港),88分钟,8.7,466532,45.5%/43.8%/10.0%/0.6%/0.1%
无耻混蛋 Inglourious Basterds,(2009),昆汀·塔伦蒂诺,昆汀·塔伦蒂诺,布拉德·皮特/梅拉尼·罗兰/克里斯托弗·瓦尔兹/伊莱·罗斯/迈克尔·法斯宾德/黛安·克鲁格/丹尼尔·布鲁赫/蒂尔·施威格/哥德昂·布克哈德/雅基·伊多/B·J·诺瓦克/奥玛·杜姆/奥古斯特·迪赫/德尼·梅诺谢/西尔维斯特·格罗特/马丁·乌特克/麦克·梅尔斯/朱莉·德赖弗斯/理查德·塞梅尔/亚历山大·费林/罗德·泰勒/索恩克·莫宁/山姆·莱文/保罗·鲁斯特/迈克尔·巴考尔/阿尔恩特·施韦林·索瑞/Petra Hartung/Volker Michalowski/肯·杜肯/克里斯蒂安·贝克尔/安娜-索菲·弗兰克/蕾雅·赛杜/蒂娜·罗德里格斯/路德格·皮斯特/雅娜·帕拉斯克/迈克尔·克兰茨/赖纳·博克/安德烈·彭文/塞巴斯蒂安·胡克/克里斯蒂安·布吕克纳/希尔玛·艾奇霍恩/Patrick Elias/伊娃·勒鲍/威尔弗里德·霍赫霍尔丁格/Michael Scheel/博·史文森/恩佐·卡斯特拉里/贝拉·B·菲森海默/Noemi Besedes/埃莱娜·卡多纳/杰克·加伯/塞缪尔·杰克逊/哈威·凯特尔/Andrew Napier/格里高利·尼克特洛/Niko Novick/Aleksandrs Petukhovs/Brendan Potter/Nikki Rapp/Sabrina Rattey/昆汀·塔伦蒂诺/Vitus Wieser,剧情/犯罪,德国/美国, 英语 / 德语 / 法语 / 意大利语,2009-05-20(戛纳电影节)/2009-08-20(德国),153分钟,8.7,505116,46.2%/42.2%/10.3%/0.9%/0.3%
罗生门 羅生門,(1950),黑泽明,黑泽明/桥本忍/芥川龙之介,三船敏郎/京町子/森雅之/志村乔/千秋实/上田吉二郎/本间文子/加东大介,剧情/悬疑/犯罪,日本, 日语,1950-08-26(日本),88分钟,8.8,330819,52.0%/38.0%/8.9%/0.8%/0.3%
崖上的波妞 崖の上のポニョ,(2008),宫崎骏,宫崎骏,神月柚莉爱/土井洋辉/山口智子/长岛一茂/天海祐希/所乔治/柊瑠美/矢野显子/吉行和子/奈良冈朋子/左时枝/羽鸟慎一/平冈映美/大桥望美,动画/奇幻/冒险,日本, 日语,2020-12-31(中国大陆)/2008-07-19(日本),101分钟,8.6,527989,45.6%/41.4%/12.0%/0.8%/0.2%
花束般的恋爱 花束みたいな恋をした,(2021),土井裕泰,坂元裕二,菅田将晖/有村架纯/细田佳央太/清原果耶/小田切让/押井守/户田惠子/岩松了/小林薰/韩英惠/中崎敏/小久保寿人/泷内公美/森优作/古川琴音/篠原悠伸/八木亚里纱/佐藤宽太/冈部敬史/萩原实里/福山翔大/萩原利久/片山友希/宇野祥平/佐藤玲/水泽绅吾/穗志萌香,剧情/爱情,日本, 日语,2022-02-22(中国大陆)/2021-01-29(日本),124分钟,8.6,694236,44.6%/42.3%/11.7%/1.1%/0.3%
千钧一发 Gattaca,(1997),安德鲁·尼科尔,安德鲁·尼科尔,伊桑·霍克/乌玛·瑟曼/裘德·洛/艾伦·阿金/戈尔·维达尔/山德·贝克利/劳恩·迪恩/简妮·布鲁克/伊莱亚斯·科泰斯/玛娅·鲁道夫/伍娜·戴蒙/布莱尔·安德伍德/梅森·甘布/威廉姆·李·斯科特/欧内斯特·博格宁/托尼·夏尔赫布/肯·马里诺/加布里埃尔·瑞丝/迪恩·诺里斯/丹格里芬/格雷戈·赛斯特罗/Elizabeth Dennehy/查德·克里斯特/George Marshall Ruge,剧情/科幻/惊悚,美国, 英语 / 世界语,1997-10-24(美国),106分钟,8.8,318385,51.3%/39.6%/8.5%/0.5%/0.1%
彗星来的那一夜 Coherence,(2013),詹姆斯·沃德·布柯特,詹姆斯·沃德·布柯特/亚历克斯·马努吉安,艾米丽·芭尔多尼/莫瑞·史特林/尼古拉斯·布兰登/劳伦·斯卡法莉娅/伊丽莎白·格瑞斯/雨果·阿姆斯特朗/亚历克斯·马努吉安/劳伦·马赫,科幻/悬疑/惊悚,美国/英国, 英语,2013-09-19(奇幻电影节)/2014-08-06(美国),89分钟,8.6,618746,43.4%/43.1%/11.9%/1.2%/0.4%
高山下的花环,(1984),谢晋,李存葆/李凖,吕晓禾/唐国强/何伟/童超/盖克/王玉梅/刘燕生/斯琴高娃/倪大红/何毅/石磊/贾雨岚/李丹军/管宗祥/李振平/胡宗琪/洪军,剧情/战争,中国大陆, 汉语普通话,1984(中国大陆)/1985-11-07(中国香港),146分钟,9.5,109798,79.7%/16.8%/3.0%/0.3%/0.2%
哈利·波特与死亡圣器(上) Harry Potter and the Deathly Hallows: Part 1,(2010),大卫·叶茨,史蒂夫·克洛夫斯/J·K·罗琳,丹尼尔·雷德克里夫/艾玛·沃森/鲁伯特·格林特/海伦娜·伯翰·卡特/拉尔夫·费因斯/比尔·奈伊/约翰·赫特/艾伦·瑞克曼/艾美达·斯丹顿/费奥纳·肖/邦妮·怀特/朱丽·沃特斯/米歇尔·费尔利/杰米·坎贝尔·鲍尔,奇幻/冒险,英国/美国, 英语,2010-11-19(中国大陆/英国),146分钟,8.6,615128,44.2%/40.9%/13.5%/1.1%/0.3%
萤火虫之墓 火垂るの墓,(1988),高畑勋,高畑勋/野坂昭如,辰己努/白石绫乃/志乃原良子/山口朱美/端田宏三,剧情/动画/战争,日本, 日语,1988-04-16(日本),89 分钟,8.7,417423,53.7%/32.7%/10.1%/1.7%/1.8%
白日梦想家 The Secret Life of Walter Mitty,(2013),本·斯蒂勒,斯蒂夫·康拉德/詹姆斯·瑟伯,本·斯蒂勒/克里斯汀·韦格/亚当·斯科特/西恩·潘/凯瑟琳·哈恩/泰伦斯·伯尼·海恩斯/保罗·菲兹杰拉德/乔恩·戴利/乔伊·斯洛特尼克/格蕾丝·雷克斯/阿莱克斯·阿方格/阿曼达·诺顿/阿德里安·马丁斯/雪莉·麦克雷恩/艾米·斯蒂勒/斯图尔特·康菲尔德/奥拉维尔·达里·奥拉夫松/索哈德吕尔·西格罗森/贡纳·黑尔加松/卡伊·伦诺克斯/柯南·奥布莱恩/安迪·里克特/安东尼·德西奥/帕顿·奥斯瓦尔特/理查德·德多梅尼科/马特·莱文/格雷格·西佩斯/马米·科西科/马修·古利/罗丝玛丽·霍华德/伊兰·克里斯费尔德/安娜·库奇马,剧情/喜剧/冒险,美国/英国, 英语 / 西班牙语 / 冰岛语,2013-12-25(美国),114分钟,8.6,543331,45.6%/40.3%/12.7%/1.1%/0.2%
黑客帝国2：重装上阵 The Matrix Reloaded,(2003),拉娜·沃卓斯基,莉莉·沃卓斯基/拉娜·沃卓斯基,基努·里维斯/劳伦斯·菲什伯恩/凯瑞-安·莫斯/雨果·维文/莫妮卡·贝鲁奇/赫尔穆特·巴凯蒂斯/斯蒂夫·巴什托尼/克里斯汀·阿努/丹尼尔·伯哈特/约瑟芬·白内斯/安迪·阿尼斯/贾达·萍克特·史密斯/邹兆龙/埃茜·戴维斯/纳许·埃哲顿/格洛丽亚·福斯特/大卫·富兰克林/诺娜·加耶/小罗伊·琼斯/大卫·基尔德/兰德尔·杜克·金/克里斯托弗·卡比/纳撒尼尔·利斯/哈里·列尼斯/罗伯特·马莫内/马特·麦科姆/罗宾·奈文/大卫·诺/吉娜薇·欧瑞丽/苏格拉底·奥图/哈罗德·佩里诺/阿德里安·雷梅特/尼尔·雷梅特/鲁伯特·雷德/大卫·罗伯茨/凯文·斯科特/尼坎德罗·托马斯/吉娜·托瑞斯/史蒂夫·维拉/克莱顿·华生/康奈尔·韦斯特/雷·沃纳尔/伯纳德·怀特/朗贝尔·维尔森/安东尼·布兰登·黄/安东尼·泽比,动作/科幻,美国, 英语 / 法语,2003-07-18(中国大陆)/2003-05-07(韦斯特伍德首映)/2003-05-15(美国),138分钟,8.7,423920,47.4%/40.6%/11.0%/0.8%/0.2%
奇迹男孩 Wonder,(2017),斯蒂芬·卓博斯基,斯蒂芬·卓博斯基/斯蒂夫·康拉德/杰克·索恩/R·J·帕拉西奥,雅各布·特伦布莱/朱莉娅·罗伯茨/伊扎贝拉·维多维奇/欧文·威尔逊/诺亚·尤佩/丹妮尔·罗丝·拉塞尔/纳吉·杰特/戴维德·迪格斯/曼迪·帕廷金/布莱斯·吉扎尔/艾尔·麦金农/泰·孔西利奥/詹姆斯·休斯/凯尔·布瑞特科夫/米莉·戴维斯/莉娅·朱厄特/凯琳·布瑞特科夫/利亚姆·迪金森/艾玛·特伦布莱/马克·多兹劳/鲁奇娅·伯纳德/J·道格拉斯·斯图瓦特/阿里·利伯特/埃丽卡·麦基特里克/本杰明·拉特纳/杰森·麦金农/索尼娅·布拉加/吉洁特,剧情/家庭/儿童,美国/中国香港, 英语,2018-01-19(中国大陆)/2017-11-17(美国),113分钟,8.6,570117,42.8%/44.4%/12.0%/0.7%/0.1%
火星救援 The Martian,(2015),雷德利·斯科特,德鲁·戈达德/安迪·威尔,马特·达蒙/杰西卡·查斯坦/克里斯汀·韦格/杰夫·丹尼尔斯/迈克尔·佩纳/凯特·玛拉/肖恩·宾/塞巴斯蒂安·斯坦/唐纳德·格洛弗/切瓦特·埃加福/阿卡塞尔·亨涅/陈数/高雄/王汉斌/麦肯兹·戴维斯/娜奥米·斯科特/丽丽·博尔丹/布莱恩·卡斯佩,剧情/科幻/冒险,英国/美国/匈牙利/约旦, 英语 / 汉语普通话,2015-11-25(中国大陆)/2015-10-02(美国),142分钟,8.5,769790,39.6%/48.3%/11.3%/0.6%/0.2%
二十二,(2015),郭柯,,,纪录片,中国大陆, 汉语普通话,2017-08-14(中国大陆)/2015-10-05(釜山电影节)/2016-06-25(莫斯科电影节),99分钟(公映版),8.7,300597,50.7%/35.0%/12.3%/1.5%/0.5%
战争之王 Lord of War,(2005),安德鲁·尼科尔,安德鲁·尼科尔,尼古拉斯·凯奇/布里吉特·莫伊纳汉/杰瑞德·莱托/伊安·霍姆/伊桑·霍克/埃夫吉恩尼·拉扎雷夫/伊默恩·沃克/塔尼特·菲尼克斯,剧情/犯罪,美国/德国, 英语 / 乌克兰语 / 德语 / 西班牙语 / 俄语 / 法语 / 阿拉伯语 / 土耳其语,2005-09-16(美国),122 分钟,8.7,386278,46.7%/42.7%/10.0%/0.6%/0.1%
血钻 Blood Diamond,(2006),爱德华·兹威克,查尔斯·里维特,莱昂纳多·迪卡普里奥/杰曼·翰苏/詹妮弗·康纳利/阿诺德·沃斯洛/大卫·哈雷伍德/吉米·米斯特雷/麦克·辛/史蒂芬·柯林斯,剧情/惊悚/冒险,美国/德国/英国, 英语 / 门德语 / 南非语,2006-12-08(美国),143 分钟,8.7,396462,44.9%/45.2%/9.3%/0.5%/0.1%
步履不停 歩いても 歩いても,(2008),是枝裕和,是枝裕和,阿部宽/夏川结衣/江原由希子/高桥和也/田中祥平/野本萤/林凌雅/寺岛进/加藤治子/树木希林/原田芳雄,剧情/家庭,日本, 日语,2008-06-28(日本),115分钟,8.8,294367,50.7%/40.3%/8.1%/0.6%/0.2%
千年女优 千年女優,(2001),今敏,今敏/村井贞之,庄司美代子/小山茉美/折笠富美子/饭塚昭三/小野坂昌也/津田匠子/铃置洋孝/京田尚子/德丸完/片冈富枝/石森达幸/佐藤政道/小形满/麻生智久/游佐浩二/肥后诚/坂口候一/志村知幸/木村亚希子/佐伯志/野岛裕史/浅野琉璃/大中宽子/园部好德/大黑优美子/山寺宏一/津嘉山正种,剧情/爱情/动画,日本, 日语,2001-07-28(加拿大奇幻电影节)/2002-09-14(日本),87 分钟,8.8,287464,53.6%/35.6%/9.6%/0.9%/0.3%
哈利·波特与凤凰社 Harry Potter and the Order of the Phoenix,(2007),大卫·叶茨,迈克尔·戈登伯格/J·K·罗琳,丹尼尔·雷德克里夫/艾玛·沃森/鲁伯特·格林特/加里·奥德曼/拉尔夫·费因斯/玛吉·史密斯/迈克尔·刚本/艾伦·瑞克曼/艾玛·汤普森/艾美达·斯丹顿/詹森·艾萨克/汤姆·费尔顿/海伦娜·伯翰·卡特/邦妮·怀特/朱丽·沃特斯/梁佩诗/布莱丹·格里森/罗彼·考特拉尼/伊文娜·林奇,奇幻/冒险,英国/美国, 英语,2007-08-10(中国大陆)/2007-07-11(美国),138分钟,8.5,610543,43.4%/40.9%/14.5%/1.0%/0.2%
房间 Room,(2015),伦尼·阿伯拉罕森,艾玛·多诺霍,布丽·拉尔森/雅各布·特伦布莱/肖恩·布里吉格斯/温迪·古逊/阿曼达·布鲁盖尔/乔·平格/琼·艾伦/卡斯·安瓦尔/威廉姆·H·梅西/兰道尔·爱德华/罗德里戈·费尔南德斯-斯托尔/罗里·奥谢/汤姆·麦卡穆斯/杰克·富尔顿/梅根·帕克,剧情/家庭,爱尔兰/加拿大/英国/美国, 英语,2015-09-04(特柳赖德电影节)/2015-10-23(多伦多)/2016-01-15(爱尔兰/英国)/2016-01-22(美国),118分钟,8.8,380313,47.5%/43.7%/8.4%/0.4%/0.1%
魂断蓝桥 Waterloo Bridge,(1940),茂文·勒鲁瓦,塞缪尔·N·贝尔曼/汉斯·拉莫/乔治·弗罗斯切尔/罗伯特·E·舍伍德,费雯·丽/罗伯特·泰勒/露塞尔·沃特森/弗吉尼亚·菲尔德/玛丽亚·彭斯卡娅/C.奥布雷·史密斯/Janet Shaw/Janet Waldo/Steffi Duna/Virginia Carroll/Eleanor Stewart/Lowden Adams/Harry Allen/Jimmy Aubrey/Phyllis Barry/Colin Campbell/丽塔·卡莱尔/里奥.G.卡罗尔/戴维·卡文迪什/大卫·克莱德/汤姆·康威/Frank Dawson/Connie Emerald/吉尔伯特·埃默里/赫伯特·埃文斯/迪克·戈登/Denis Green/艾塞尔·格里菲斯/Bobby Hale/Winifred Harris/哈利韦尔·霍布斯/Harold Howard/Charles Irwin/George Kirby/Walter Lawrence/威尔弗雷德·卢卡斯/Dan Maxwell/James May/Florine McKinney/Charles McNaughton/Frank Mitchell/埃德蒙·莫蒂默/伦纳德米迪/坦普·皮戈特/约翰·鲍尔/Clara Reid/Paul Scardon/约翰·格雷厄姆·斯佩西/Wyndham Standing/哈里·斯塔布斯/Cyril Thornton/戴维·瑟斯比/诺玛·威登/帕特·威尔士/玛莎·温特沃思/Frank Whitbeck/Eric Wilton/罗伯特·温克勒/道格拉斯·伍德,剧情/爱情/战争,美国, 英语 / 法语,1940-05-17(美国),108分钟,8.8,290843,50.8%/39.7%/8.8%/0.5%/0.2%
谍影重重2 The Bourne Supremacy,(2004),保罗·格林格拉斯,罗伯特·鲁德鲁姆/托尼·吉尔罗伊,马特·达蒙/布莱恩·考克斯/琼·艾伦/卡尔·厄本/弗朗卡·波滕特/朱丽娅·斯蒂尔斯/加布里埃尔·曼/马尔顿·索克斯/汤姆·加洛普/约翰·贝德福德·劳埃德/伊桑·桑德勒/米歇尔·莫纳汉/卡瑞尔·罗登/托马斯·阿拉纳/奥莎娜·阿金什那/Yevgeni Sitokhin/蒂姆·格里芬/肖恩·史密斯/马克西姆·科瓦莱夫斯基/帕特里克·克劳利/乔恩·科林·巴克利/谢恩·辛努特科/Claudio Maniscalco/Dirk Schoedon/伊万·舍甫多夫/丹尼斯·布尔加兹列夫/尼克·怀尔德/维克多·埃菲尔/埃莱娜·卡多纳/克里斯·库珀,动作/悬疑/惊悚,美国/德国, 英语 / 俄语 / 德语 / 意大利语,2004-11-14(中国大陆)/2004-07-15(洛杉矶首映)/2004-07-23(美国),108分钟,8.7,369266,46.6%/42.8%/10.0%/0.5%/0.1%
大红灯笼高高挂,(1991),张艺谋,倪震/苏童,巩俐/马精武/何赛飞/曹翠芬/周琦/孔琳/金淑媛/丁惟敏/初晓,剧情,中国大陆/中国香港/中国台湾, 汉语普通话,1991-09-10(威尼斯电影节/多伦多电影节),125 分钟,8.8,307519,48.6%/42.9%/8.0%/0.5%/0.2%
蜘蛛侠：平行宇宙 Spider-Man: Into the Spider-Verse,(2018),鲍勃·佩尔西凯蒂,菲尔·罗德/罗德尼·罗斯曼/布莱恩·本迪斯/萨拉·皮凯利/史蒂夫·迪特寇/斯坦·李/戴维·海因/法布里斯·萨波尔斯基,沙梅克·摩尔/杰克·约翰逊/海莉·斯坦菲尔德/马赫沙拉·阿里/布莱恩·泰里·亨利/莉莉·汤姆林/劳伦·维勒斯/佐伊·克罗维兹/约翰·木兰尼/贵美子·格伦/尼古拉斯·凯奇/凯瑟琳·哈恩/列维·施瑞博尔/克里斯·派恩/娜塔丽·莫瑞丝/奥斯卡·伊萨克/格蕾塔·李/斯坦·李/乔玛·塔科内/华金·科西奥/蕾克·贝尔/梅勒妮·海恩斯/尼克·杰恩/穆尼卜·拉赫曼/卡洛斯·萨拉戈萨/黛西·罗斯·布莱内斯/里夫·霍顿/哈里森·奈特/莱克斯·朗/凯特琳·麦肯纳-威尔金森/斯科特·门维尔/克里斯托弗·米勒/德维卡·帕利赫/柯特妮·佩尔顿/克里斯蒂·法瑞斯/杰奎琳·皮诺尔/贾斯汀·沉卡罗/梅利莎·斯特姆,动作/科幻/动画/冒险,美国, 英语 / 西班牙语,2018-12-21(中国大陆)/2018-12-14(美国),116分钟(中国大陆),8.6,702775,44.2%/42.2%/12.4%/0.9%/0.2%
弱点 The Blind Side,(2009),约翰·李·汉考克,约翰·李·汉考克/迈克尔·刘易斯,桑德拉·布洛克/蒂姆·麦格罗/昆东·亚伦/杰·海德/莉莉·柯林斯/雷·迈克金农/金·迪肯斯/安德莱内·列诺斯/凯西·贝茨/凯萨琳·戴尔/安迪·斯塔尔/汤姆·诺维茨基/莎朗·莫里斯/奥马尔·J·多尔西/伊劳伊·辛格尔顿/罗达·格里菲丝/艾希礼·勒孔特·坎贝尔/Elizabeth Omilami/阿非莫·奥米拉/马丽娅豪厄尔/Patrick G. Keenan/大卫·德怀尔/罗伯特·普拉尔戈/布雷特·赖斯/Preston Brant/马修·阿特金森/约翰·纽伯格/乔·克里斯特/Phillip Fulmer/Lou Holtz/Nick Saban/Haji Abdullah/Demetrius B. Banks/Tim Brazeal/Byron Bryson/Chrissy Chambers/Monica D'Onofrio/J. Colby Doler/Roger Goodell/杰夫科斯·格林/安东尼·B·哈里斯/Scottie Knollin/Amir Kovacs/梅丽莎·乐爱伦,剧情/家庭/传记/运动,美国, 英语,2009-11-20(美国),129分钟,8.7,328467,48.6%/40.5%/9.9%/0.8%/0.2%
谍影重重 The Bourne Identity,(2002),道格·里曼,托尼·吉尔罗伊/罗伯特·鲁德鲁姆/W·布莱克·赫伦,马特·达蒙/弗朗卡·波滕特/克里斯·库珀/克里夫·欧文/朱丽娅·斯蒂尔斯/布莱恩·考克斯/阿德沃尔·阿吉纽依-艾格拜吉/加布里埃尔·曼/沃尔顿·戈金斯/约什·汉密尔顿/奥尔索·马利亚·奎利尼,动作/悬疑/惊悚,美国/德国/捷克, 英语 / 法语 / 德语 / 荷兰语 / 意大利语,2002-11-21(中国大陆)/2002-06-14(美国),119分钟,8.6,448803,44.1%/42.7%/12.3%/0.7%/0.1%
阿飞正传 阿飛正傳,(1990),王家卫,王家卫,张国荣/张曼玉/刘嘉玲/刘德华/张学友/潘迪华/梁朝伟,剧情/爱情/犯罪,中国香港, 粤语 / 汉语普通话 / 英语 / 菲律宾语 / 上海话,2018-06-25(中国大陆)/1990-12-15(中国香港),94分钟,8.5,534602,39.8%/46.5%/12.8%/0.8%/0.2%
朗读者 The Reader,(2008),史蒂芬·戴德利,戴维·黑尔/本哈德·施林克,凯特·温斯莱特/大卫·克劳斯/拉尔夫·费因斯/詹妮特·海因/苏珊娜·洛塔尔/Alissa Wilms/弗罗里安·巴西奥罗麦/弗里德里克·贝希特/马蒂亚斯·哈比希/Frieder Venus/Marie-Anne Fliegel/Hendrik Arnst/Rainer Sellien/托尔斯滕·米凯利斯/Moritz Grove,剧情/爱情,美国/德国, 英语 / 德语 / 希腊语 / 拉丁语,2008-12-10(纽约首映)/2009-01-30(美国)/2009-02-26(德国),124 分钟,8.6,467084,43.2%/45.2%/10.8%/0.6%/0.1%
再次出发之纽约遇见你 Begin Again,(2013),约翰·卡尼,约翰·卡尼,凯拉·奈特莉/马克·鲁弗洛/亚当·莱文/詹姆斯·柯登/海莉·斯坦菲尔德/凯瑟琳·基纳/茅斯·达夫/罗伯·莫洛/伊恩·布罗茨基/香农·沃尔什/大卫·埃伯利斯/马科·阿桑特/玛丽·凯瑟琳·歌瑞森/詹·雅各布/席洛·格林/詹妮弗·李·杰克逊/特里·刘易斯/吉米·帕伦博/西蒙·德兰尼/丹妮尔·布里瑟布瓦/基恩·鲁弗洛/尼古拉斯·丹尼尔·冈萨雷斯/麦迪·科尔曼/阿雅·卡什/大卫·彭德尔顿/保罗·罗梅罗/安德鲁·塞伦/凯伦·皮特曼/罗恩·沃斯,喜剧/爱情/音乐,美国, 英语,2015-06-26(中国大陆)/2013-09-07(多伦多电影节)/2014-07-11(美国),104分钟,8.6,443971,43.8%/42.8%/12.4%/0.9%/0.2%
隐藏人物 Hidden Figures,(2016),西奥多·梅尔菲,艾莉森·施罗德/西奥多·梅尔菲/玛戈特·李·谢特利,塔拉吉·P·汉森/奥克塔维亚·斯宾瑟/加奈儿·梦奈/凯文·科斯特纳/克斯汀·邓斯特/吉姆·帕森斯/马赫沙拉·阿里/阿尔迪斯·霍吉/格伦·鲍威尔/金贝利·奎恩/奥莱克·克鲁帕,剧情/传记/历史,美国, 英语,2016-12-25(美国),127分钟,8.9,233166,53.2%/39.0%/7.3%/0.4%/0.1%
